path,suffix,bytes,lines,sha256_12,doc_role,first_title,top_headings,csv_rows,csv_header,json_keys,kw_truth,kw_evidence,kw_mlpe,kw_common_cause,kw_engine_patch,kw_performance,kw_handoff,kw_roadmap,kw_artifact
ONEPAGER.md,.md,8509,108,6f77fdfe37a5,common_cause;operator_handoff,# PV Fault Early-Warning & Diagnosis — ONEPAGER (Conalog),# PV Fault Early-Warning & Diagnosis — ONEPAGER (Conalog) || ## 한 줄 정의 || ## 출력 체계 분리 (운영 vs 평가) || ### local precursor 게이트 원칙 || ### 순위 비교 지표 공통 적용 원칙 || ## 컬럼 출처(Provenance) 레전드,,,,0,3,0,18,3,0,1,0,3
README.md,.md,2206,63,0a2e9c9e3d5f,gpvs_reference;operator_handoff;evidence_matrix;topology_grouping,# pvdiag Release Bundle,# pvdiag Release Bundle || ## 포함된 것 || ## 포함되지 않은 것 || ## 공식 출력 파일명 || ## 최소 실행 순서 || ## 데이터 준비,,,,0,0,0,0,1,0,2,0,6
delivery/conalog_handoff_v1/README.md,.md,1160,28,8f735d10e16a,gpvs_reference;operator_handoff,# Conalog Handoff Pack V1,# Conalog Handoff Pack V1 || ## What This Pack Is || ## Stable vs Experimental || ## Quick Start || ## Smoke Test,,,,0,0,0,3,0,0,7,0,16
docs/DATA_DICTIONARY.md,.md,7433,99,52883dc5c3b9,general_doc,# Data Dictionary (Canonical SSOT),# Data Dictionary (Canonical SSOT) || ## 1) Provenance 레전드 || ## 2) 라벨/날짜 정의 || ## 3) confirmed_fault / final_fault 해석 || ## 4) critical 계층 raw / effective / decision || ## 5) rank_day / 횡단면 비교 해석,,,,0,3,0,0,2,0,0,0,9
docs/EMAIL_KERNELLOG_CROSSCHECK_DRAFT.md,.md,1958,32,eb955c2c6bfc,general_doc,# Conalog Crosscheck Draft,# Conalog Crosscheck Draft || ## 메일 제목 후보 || ## 본문 초안 || ## 전달 포인트,,,,0,1,0,0,0,0,0,0,1
docs/MAIL_GPVS_DATA_USAGE_SUMMARY_V1.md,.md,2729,29,14c3ab4f0eb7,gpvs_reference;release_runtime,# 제목,# 제목 || # 수신 대상 가정 문구 || # 본문 || # 핵심 요약 3줄,,,,0,1,0,3,0,0,0,0,1
docs/OPS_ALERT_EPISODES.md,.md,2619,93,4005e5d604eb,common_cause,# OPS Alert Episodes,# OPS Alert Episodes || ## Purpose || ## Inputs || ## Trigger Modes || ## Episode Definition || ## Episode Fields,,,,0,0,0,1,0,0,0,0,8
docs/OPS_ANOMALY_REGISTRY_SCHEMA_FREEZE_V1.md,.md,6717,180,4ed1e013b0fc,truth_review;project_eval;common_cause;evidence_matrix,# OPS_ANOMALY_REGISTRY_SCHEMA_FREEZE_V1,# OPS_ANOMALY_REGISTRY_SCHEMA_FREEZE_V1 || ## Purpose || ## Why Strict Rows Are Not Human-Facing Units || ## Why Row Identity And Foreign Linkage Are Different Concerns || ## Why Schema And Thresholds/Config Are Separated || ## Why Panel-Local Episode And Common-Cause Incident Are Different Entities,,,,1,15,0,8,0,0,0,0,11
docs/OPS_BACKFILL_IO_CONTRACT_V1.md,.md,2553,109,e957853f558e,gpvs_reference;topology_grouping,# OPS Backfill IO Contract V1,# OPS Backfill IO Contract V1 || ## CLI 입력 계약 || ## 출력 파일 계약 || ### `panel_result_v1.csv` || ### `site_day_summary_v1.csv` || ### `period_summary_v1.csv`,,,,1,1,0,2,0,0,0,0,9
docs/OPS_BASELINE_FREEZE_PACK_V1.md,.md,3050,96,af9f1045b9b0,truth_review;project_eval;evidence_matrix,# OPS_BASELINE_FREEZE_PACK_V1,# OPS_BASELINE_FREEZE_PACK_V1 || ## Purpose || ## Why The Baseline Is Considered Frozen Now || ## Why Gangui Deferred Rows Do Not Invalidate The Current Score || ## Why The Global Precursor Addon Is Still Not Adopted || ## Why Conalog Keeps Only A Site-Specific Precursor Note,,,,2,1,0,0,0,1,0,0,12
docs/OPS_BASELINE_REGRESSION_GUARD_V1.md,.md,3035,99,34e28012d39e,truth_review;project_eval;performance_audit;evidence_matrix,# OPS_BASELINE_REGRESSION_GUARD_V1,# OPS_BASELINE_REGRESSION_GUARD_V1 || ## Purpose || ## Why The Baseline Was Frozen || ## Why This Guard Exists Before Switching Topics || ## What Kinds Of Drift Are Acceptable Versus Unacceptable || ## How To Respond If `drift_detected` Appears,,,,1,0,0,0,0,2,0,0,11
docs/OPS_COMMON_CAUSE_INCIDENT_GATE_AUDIT_V1.md,.md,3076,78,e49aed962189,gate_contract;truth_review;common_cause,# OPS_COMMON_CAUSE_INCIDENT_GATE_AUDIT_V1,# OPS_COMMON_CAUSE_INCIDENT_GATE_AUDIT_V1 || ## Purpose || ## Why Zero Real Incidents Is A Critical Diagnostic Result || ## Why Synthetic Pass Is Not Enough || ## How `schema_default` Differs From The Precursor-Like Tiers || ## What Result Would Justify Changing Defaults,,,,1,5,0,5,0,0,0,0,10
docs/OPS_COMMON_CAUSE_INCIDENT_REGISTRY_V1.md,.md,3134,86,687f370e9b00,truth_review;common_cause;evidence_matrix,# OPS_COMMON_CAUSE_INCIDENT_REGISTRY_V1,# OPS_COMMON_CAUSE_INCIDENT_REGISTRY_V1 || ## Purpose || ## Why Incident Registry Is Implemented Before Panel-Local Episode Registry || ## Why Event/Episode Layers Are Not Used As Primary Incident Generators || ## How Candidate Days Are Formed From Grouped Zero-Like Evidence || ## How Day-To-Day Group Overlap Controls Incident Merging,,,,1,9,0,9,0,0,0,0,8
docs/OPS_COMMON_CAUSE_PRECURSOR_AUDIT_V1.md,.md,4146,156,3904105ec962,common_cause;maintenance_proxy,# OPS_COMMON_CAUSE_PRECURSOR_AUDIT_V1,# OPS_COMMON_CAUSE_PRECURSOR_AUDIT_V1 || ## Purpose || ## Why One-Site Evidence Is Not Enough || ## Full Site-Day Universe || ## Precursor Features || ## Fixed Audit Tiers,,,,1,4,0,5,0,19,0,0,9
docs/OPS_COMMON_CAUSE_PRECURSOR_CASE_FORENSICS_V1.md,.md,5021,142,de0640f36de1,gate_contract;common_cause,# OPS_COMMON_CAUSE_PRECURSOR_CASE_FORENSICS_V1,# OPS_COMMON_CAUSE_PRECURSOR_CASE_FORENSICS_V1 || ## Purpose || ## Why Precursor Audit V1 Was Not Enough || ## Why Case-By-Case Forensics Is The Right Next Step || ## Forensic Hypotheses || ### Plausible Precursor Day,,,,0,3,0,6,0,0,0,0,10
docs/OPS_COMMON_CAUSE_PRECURSOR_DECISION_PACK_V1.md,.md,4406,127,1a71f34eb0ac,common_cause;evidence_matrix;maintenance_proxy,# OPS_COMMON_CAUSE_PRECURSOR_DECISION_PACK_V1,# OPS_COMMON_CAUSE_PRECURSOR_DECISION_PACK_V1 || ## Purpose || ## Why The Line Moved From Maintenance To Common-Cause Precursor || ## Decision Basis || ## Why Global Adoption Is Not Justified Yet || ## Why Conalog May Still Deserve A Site-Specific Precursor Note,,,,0,2,0,12,0,4,0,0,18
docs/OPS_CONALOG_HANDOFF_PACK_V1.md,.md,2047,46,b2febfd68c9e,gpvs_reference;operator_handoff;release_runtime;evidence_matrix;topology_grouping,# OPS Conalog Handoff Pack V1,# OPS Conalog Handoff Pack V1 || ## 목적 || ## 문서 경계 || ## 실행 entrypoint || ## stable mode || ## reference mode,,,,0,0,0,1,1,0,6,0,12
docs/OPS_CONALOG_MLPE_RUNTIME_REDESIGN_V1.md,.md,54468,1338,f35e113f3f30,release_runtime,# OPS Conalog MLPE Runtime Redesign V1,# OPS Conalog MLPE Runtime Redesign V1 || ## 1. 목적 || ## 2. 범위 || ## 3. 기본 전제 || ## 4. 회의록에서 확인된 상위 요구 || ## 5. 해석 철학,,,,10,84,32,12,5,2,1,2,51
docs/OPS_CONALOG_RULEBASE_VS_HYBRID_ENGINE_V1.md,.md,7460,63,3081b532db59,decision_log;gate_contract;project_eval;performance_audit;gpvs_reference;operator_handoff;release_runtime;evidence_matrix;topology_grouping,# OPS Conalog Rulebase Vs Hybrid Engine V1,# OPS Conalog Rulebase Vs Hybrid Engine V1 || ## 1. 비교 목적 || ## 1A. 문서 경계 || ## 2. 입력 데이터 범위 차이 || ## 3. 탐지/판정 구조 차이 || ## 4. 설명 가능성 차이,,,,0,5,0,9,0,1,10,0,12
docs/OPS_CONALOG_RUNTIME_ACTIVE_BRANCH_REGISTER_V1.md,.md,63513,314,370a65fc49c5,runtime_branch;operator_handoff;release_runtime,# OPS_CONALOG_RUNTIME_ACTIVE_BRANCH_REGISTER_V1,# OPS_CONALOG_RUNTIME_ACTIVE_BRANCH_REGISTER_V1 || ## Purpose || ## Current Branch || ## Completed Runtime Branches || ## Decision Locks || ## Next Safe Implementation,,,,114,109,37,107,30,20,63,19,68
docs/OPS_CONALOG_RUNTIME_BRANCH_BR_20260423_001_SUBGROUP_COMMON_CAUSE_DIRECT_GATING_V1.md,.md,7462,110,ccbf2b243fdc,runtime_branch;gate_contract;common_cause;release_runtime,# OPS_CONALOG_RUNTIME_BRANCH_BR_20260423_001_SUBGROUP_COMMON_CAUSE_DIRECT_GATING_V1,# OPS_CONALOG_RUNTIME_BRANCH_BR_20260423_001_SUBGROUP_COMMON_CAUSE_DIRECT_GATING_V1 || ## [BR-20260423-001] subgroup common-cause direct gating || ## 1. 이슈 요약 || ## 2. 왜 브랜치인가 || ## 3. 현재까지의 근거 || ### 3.1 shadow evidence는 유효하다,,,,0,5,2,53,0,0,2,0,0
docs/OPS_CONALOG_RUNTIME_BRANCH_BR_20260423_002_DEGRADATION_ONSET_FALLBACK_GUARD_V1.md,.md,8555,135,995abafbbee2,runtime_branch;gate_contract;common_cause;release_runtime,# OPS_CONALOG_RUNTIME_BRANCH_BR_20260423_002_DEGRADATION_ONSET_FALLBACK_GUARD_V1,# OPS_CONALOG_RUNTIME_BRANCH_BR_20260423_002_DEGRADATION_ONSET_FALLBACK_GUARD_V1 || ## [BR-20260423-002] degradation onset fallback guard || ## 1. 이슈 요약 || ## 2. 왜 브랜치인가 || ## 3. 현재까지의 근거 || ### 3.1 대표 사례는 plausibility가 있다,,,,0,2,2,26,2,0,2,0,0
docs/OPS_CONALOG_RUNTIME_BRANCH_BR_20260423_003_RAWONLY_CLUSTER_OPERATOR_EXPOSURE_BOUNDARY_V1.md,.md,4772,88,2833f5b9e46a,runtime_branch;gate_contract;operator_handoff;release_runtime;evidence_matrix,# OPS_CONALOG_RUNTIME_BRANCH_BR_20260423_003_RAWONLY_CLUSTER_OPERATOR_EXPOSURE_BOUNDARY_V1,# OPS_CONALOG_RUNTIME_BRANCH_BR_20260423_003_RAWONLY_CLUSTER_OPERATOR_EXPOSURE_BOUNDARY_V1 || ## [BR-20260423-003] raw-only cluster/operator exposure boundary || ## 1. 이슈 요약 || ## 2. 왜 브랜치인가 || ## 3. 현재까지의 근거 || ### 3.1 row count만으로는 충분히 헷갈린다,,,,0,0,2,20,3,0,2,0,3
docs/OPS_CONALOG_RUNTIME_BRANCH_BR_20260423_004_SECONDARY_WARNING_WINDOW_SELECTION_V1.md,.md,4894,86,930701234916,runtime_branch;gate_contract;common_cause;operator_handoff;release_runtime,# OPS_CONALOG_RUNTIME_BRANCH_BR_20260423_004_SECONDARY_WARNING_WINDOW_SELECTION_V1,# OPS_CONALOG_RUNTIME_BRANCH_BR_20260423_004_SECONDARY_WARNING_WINDOW_SELECTION_V1 || ## [BR-20260423-004] secondary warning window selection || ## 1. 이슈 요약 || ## 2. 패치 원칙 || ## 3. 추가 audit columns || ## 4. Shadow classification,,,,0,1,0,19,2,0,0,0,5
docs/OPS_CONALOG_RUNTIME_BRANCH_BR_20260423_005_TRIGGER_ONLY_DECISION_SUMMARY_V1.csv,.csv,696,9,f9db45125698,runtime_branch;common_cause;release_runtime,,,8,metric|value|note,,0,0,0,9,0,0,0,0,0
docs/OPS_CONALOG_RUNTIME_BRANCH_BR_20260423_005_TRIGGER_ONLY_ROOT_CLUSTER_SUMMARY_V1.csv,.csv,519,4,6a21f2f053ee,runtime_branch;performance_audit;release_runtime,,,3,site|panel_root|panel_count|onset_min|onset_max|strict_min|strict_max|avg_qualified_secondary_count|review_tiers,,0,0,0,1,0,2,0,0,0
docs/OPS_CONALOG_RUNTIME_BRANCH_BR_20260423_005_TRIGGER_ONLY_SITE_TIER_SUMMARY_V1.csv,.csv,338,4,4be630b0b160,runtime_branch;common_cause;release_runtime,,,3,site|review_tier|panel_count|avg_gap_days|avg_qualified_secondary_count|avg_warning_days_between|strict_common|site_event|subgroup_common|root_clusters,,0,0,0,5,0,0,0,0,0
docs/OPS_CONALOG_RUNTIME_BRANCH_BR_20260423_005_TRIGGER_ONLY_TO_PRECURSOR_REVIEW_V1.md,.md,4685,76,30f31d1ff08c,runtime_branch;gate_contract;common_cause;operator_handoff;release_runtime,# OPS_CONALOG_RUNTIME_BRANCH_BR_20260423_005_TRIGGER_ONLY_TO_PRECURSOR_REVIEW_V1,# OPS_CONALOG_RUNTIME_BRANCH_BR_20260423_005_TRIGGER_ONLY_TO_PRECURSOR_REVIEW_V1 || ## [BR-20260423-005] trigger-only to precursor review packet || ## 1. 이슈 요약 || ## 2. 이번 브랜치의 목적 || ## 3. Review packet 산출물 || ## 4. 핵심 결과,,,,0,1,0,15,2,2,0,0,15
docs/OPS_CONALOG_RUNTIME_BRANCH_BR_20260423_006_SUPPORTED_CONTEXT_DAILY_SLICE_REVIEW_V1.md,.md,4184,61,cd127bb7e93c,runtime_branch;gate_contract;common_cause;operator_handoff;release_runtime;topology_grouping,# OPS_CONALOG_RUNTIME_BRANCH_BR_20260423_006_SUPPORTED_CONTEXT_DAILY_SLICE_REVIEW_V1,# OPS_CONALOG_RUNTIME_BRANCH_BR_20260423_006_SUPPORTED_CONTEXT_DAILY_SLICE_REVIEW_V1 || ## [BR-20260423-006] supported-context daily slice review || ## 1. 이슈 요약 || ## 2. 이번 브랜치의 목적 || ## 3. 산출물 || ## 4. 핵심 결과,,,,0,4,0,10,2,2,0,0,10
docs/OPS_CONALOG_RUNTIME_BRANCH_BR_20260423_006_SUPPORTED_CONTEXT_DAILY_SLICE_V1.csv,.csv,16332,54,321d60c4d677,runtime_branch;performance_audit;common_cause;release_runtime;topology_grouping,,,53,site|panel_id|date|days_from_cf_onset|days_to_cf_strict|signal_count|pre_ews|ews_warning|pre_alarm|prefault_B_effective|prefault_cond_ae|prefault_cond_dtw|prefault_cond_ews|prealarm_cond_ae_mid_or_hi|prealarm_cond_dtw_mid_or_hi|prealarm_cond_hs_mid_or_hi|site_event_soft|site_event_hard|subgroup_common_cause_candidate|cf_retrospective_onset_date|cf_strict_trigger_date|cf_gap_days|qualified_secondary_count|context_score|context_reasons,,0,28,0,82,0,28,0,0,0
docs/OPS_CONALOG_RUNTIME_BRANCH_BR_20260423_006_SUPPORTED_CONTEXT_DECISION_SUMMARY_V1.csv,.csv,656,9,c4bd66f35ed7,runtime_branch;common_cause;release_runtime,,,8,metric|value|note,,0,2,0,3,0,0,0,0,0
docs/OPS_CONALOG_RUNTIME_BRANCH_BR_20260423_006_SUPPORTED_CONTEXT_PANEL_SUMMARY_V1.csv,.csv,1789,5,91410a3f660b,runtime_branch;performance_audit;common_cause;release_runtime;topology_grouping,,,4,site|panel_id|cf_onset|cf_strict|cf_gap_days|slice_rows|slice_date_min|slice_date_max|signal_count_sum|signal_nonzero_days|qualified_secondary_count|context_score|context_reasons|case_site_event_history|case_strict_common_cause|case_terminal_evidence|pre_ews_days|ews_warning_days|pre_alarm_days|prefault_B_effective_days|prefault_cond_ae_days|prefault_cond_dtw_days|prefault_cond_ews_days|prealarm_cond_ae_mid_or_hi_days|prealarm_cond_dtw_mid_or_hi_days|prealarm_cond_hs_mid_or_hi_days|site_event_so,,0,3,0,12,0,2,0,0,0
docs/OPS_CONALOG_RUNTIME_BRANCH_BR_20260423_007_KTC_STRICT_COMMON_DAILY_SLICE_V1.csv,.csv,7757,26,66ac2841c4bb,runtime_branch;common_cause;release_runtime;topology_grouping,,,25,site|panel_id|date|days_from_cf_onset|days_to_cf_strict|signal_count|pre_ews|ews_warning|pre_alarm|prefault_B_effective|prefault_cond_ae|prefault_cond_dtw|prefault_cond_ews|prealarm_cond_ae_mid_or_hi|prealarm_cond_dtw_mid_or_hi|prealarm_cond_hs_mid_or_hi|site_event_soft|site_event_hard|subgroup_common_cause_candidate|cf_retrospective_onset_date|cf_strict_trigger_date|cf_gap_days|qualified_secondary_count|context_score|context_reasons,,0,0,0,54,0,0,0,0,0
docs/OPS_CONALOG_RUNTIME_BRANCH_BR_20260423_007_KTC_STRICT_COMMON_DECISION_SUMMARY_V1.csv,.csv,484,7,1a3c4e08ba86,runtime_branch;common_cause;operator_handoff;release_runtime,,,6,metric|value|note,,0,2,0,2,1,0,0,0,0
docs/OPS_CONALOG_RUNTIME_BRANCH_BR_20260423_007_KTC_STRICT_COMMON_PANEL_PACKET_V1.csv,.csv,1959,3,000f1035e4c6,runtime_branch;common_cause;release_runtime;topology_grouping,,,2,site|panel_id|cf_onset|cf_strict|cf_gap_days|secondary_window_selected_onset_date|secondary_window_selected_marker|secondary_window_selected_gap_days|secondary_window_qualified_count|secondary_window_too_early_count|common_cause_anchor_date|common_cause_anchor_kind|strict_trigger_proximal_common_cause_flag|trigger_proximal_common_cause_flag|site_event_history_flag|common_cause_history_flag|slice_rows|signal_count_sum|signal_nonzero_days|pre_ews_days|ews_warning_days|pre_alarm_days|prealarm_cond_,,0,0,0,12,0,0,0,0,0
docs/OPS_CONALOG_RUNTIME_BRANCH_BR_20260423_007_KTC_STRICT_COMMON_REVIEW_V1.md,.md,3469,59,dc06e38cf564,runtime_branch;gate_contract;common_cause;release_runtime;topology_grouping,# OPS_CONALOG_RUNTIME_BRANCH_BR_20260423_007_KTC_STRICT_COMMON_REVIEW_V1,# OPS_CONALOG_RUNTIME_BRANCH_BR_20260423_007_KTC_STRICT_COMMON_REVIEW_V1 || ## [BR-20260423-007] KTC strict-common review || ## 1. 이슈 요약 || ## 2. 이번 브랜치의 목적 || ## 3. 산출물 || ## 4. 핵심 결과,,,,0,3,0,17,1,0,0,0,10
docs/OPS_CONALOG_RUNTIME_BRANCH_BR_20260423_008_DECISION_BUCKET_RULES_V1.csv,.csv,1858,7,81de114afe97,runtime_branch;gate_contract;common_cause;operator_handoff;release_runtime,,,6,decision_bucket|operator_facing_change_allowed|current_panel_count|required_evidence|blocking_evidence|source_branch|next_action,,0,3,0,6,3,0,0,0,0
docs/OPS_CONALOG_RUNTIME_BRANCH_BR_20260423_008_DECISION_STATUS_SUMMARY_V1.csv,.csv,1301,8,31e22ba67794,runtime_branch;gate_contract;common_cause;operator_handoff;release_runtime,,,7,source_branch|evidence_set|panel_count|decision_bucket|operator_facing_change|rationale,,0,1,0,4,0,0,0,0,0
docs/OPS_CONALOG_RUNTIME_BRANCH_BR_20260423_008_PROMOTION_DECISION_CONTRACT_V1.md,.md,6580,134,0d98925d77d1,runtime_branch;gate_contract;common_cause;operator_handoff;release_runtime,# OPS_CONALOG_RUNTIME_BRANCH_BR_20260423_008_PROMOTION_DECISION_CONTRACT_V1,# OPS_CONALOG_RUNTIME_BRANCH_BR_20260423_008_PROMOTION_DECISION_CONTRACT_V1 || ## [BR-20260423-008] promotion decision contract || ## 1. 이슈 요약 || ## 2. 이번 브랜치의 목적 || ## 3. 입력 근거 || ## 4. Decision bucket contract,,,,0,6,0,13,9,0,0,0,2
docs/OPS_CONALOG_RUNTIME_BRANCH_BR_20260423_009_PROMOTION_DECISION_BUCKET_SHADOW_V1.md,.md,5380,97,e205f2deedcc,runtime_branch;gate_contract;operator_handoff;release_runtime,# OPS_CONALOG_RUNTIME_BRANCH_BR_20260423_009_PROMOTION_DECISION_BUCKET_SHADOW_V1,# OPS_CONALOG_RUNTIME_BRANCH_BR_20260423_009_PROMOTION_DECISION_BUCKET_SHADOW_V1 || ## [BR-20260423-009] promotion decision bucket shadow column || ## 1. 이슈 요약 || ## 2. 패치 범위 || ## 3. 추가 audit columns || ## 4. Exclusive bucket 규칙,,,,0,2,0,14,3,0,0,0,13
docs/OPS_CONALOG_RUNTIME_BRANCH_BR_20260423_010_PROMOTION_BUCKET_ACTION_QUEUE_V1.csv,.csv,13924,38,50dbe3484b6b,runtime_branch;performance_audit;operator_handoff;release_runtime;topology_grouping,,,37,review_priority|promotion_decision_bucket|recommended_action|review_focus_ko|site|panel_root|panel_id|retrospective_onset_date|strict_trigger_date|gap_days|secondary_window_selected_marker|secondary_window_qualified_count|secondary_window_too_early_count|promotion_decision_reason,,0,0,0,27,2,80,0,0,0
docs/OPS_CONALOG_RUNTIME_BRANCH_BR_20260423_010_PROMOTION_BUCKET_PANEL_PACKET_V1.csv,.csv,54401,113,84385dfbce9d,runtime_branch;performance_audit;common_cause;operator_handoff;release_runtime;topology_grouping,,,112,review_priority|promotion_decision_bucket|recommended_action|review_focus_ko|site|panel_root|panel_id|패널고장여부_ko|사건유형_재판정_ko|최종고장양상_재판정_ko|retrospective_onset_date|strict_trigger_date|gap_days|onset_method|degradation_onset_backdate_guard_flag|secondary_window_change_class|secondary_window_review_tier|secondary_window_selected_onset_date|secondary_window_selected_marker|secondary_window_selected_gap_days|secondary_window_qualified_count|secondary_window_too_early_count|site_event_history_flag|sub,,0,0,0,33,2,88,0,0,0
docs/OPS_CONALOG_RUNTIME_BRANCH_BR_20260423_010_PROMOTION_BUCKET_REVIEW_PACKET_V1.md,.md,4589,87,65afe85b4d21,runtime_branch;gate_contract;operator_handoff;release_runtime,# OPS_CONALOG_RUNTIME_BRANCH_BR_20260423_010_PROMOTION_BUCKET_REVIEW_PACKET_V1,# OPS_CONALOG_RUNTIME_BRANCH_BR_20260423_010_PROMOTION_BUCKET_REVIEW_PACKET_V1 || ## [BR-20260423-010] promotion bucket review packet || ## 1. 이슈 요약 || ## 2. 이번 브랜치의 목적 || ## 3. 산출물 || ## 4. 입력 실행,,,,0,0,0,7,3,0,0,0,10
docs/OPS_CONALOG_RUNTIME_BRANCH_BR_20260423_010_PROMOTION_BUCKET_SITE_SUMMARY_V1.csv,.csv,965,9,efa73767c389,runtime_branch;common_cause;release_runtime,,,8,review_priority|promotion_decision_bucket|site|panel_count|root_cluster_count|avg_current_gap_days|max_current_gap_days|avg_secondary_selected_gap_days|max_secondary_selected_gap_days|avg_secondary_qualified_count|strict_common_count|site_event_count|recommended_action,,0,0,0,3,0,0,0,0,0
docs/OPS_CONALOG_RUNTIME_BRANCH_BR_20260423_011_BLOCKED_CLUSTER_DATE_PAIR_SUMMARY_V1.csv,.csv,1123,13,7a43d2501126,runtime_branch;release_runtime,,,12,secondary_window_selected_onset_date|strict_trigger_date|panel_count|root_count|selected_gap_min|selected_gap_max|selected_marker_mix,,0,0,0,1,0,0,0,0,0
docs/OPS_CONALOG_RUNTIME_BRANCH_BR_20260423_011_BLOCKED_CLUSTER_MARKER_SUMMARY_V1.csv,.csv,549,5,a31934d7f776,runtime_branch;common_cause;release_runtime,,,4,secondary_window_selected_marker|panel_count|root_count|selected_gap_min|selected_gap_mean|selected_gap_max|site_event_history_count|subgroup_common_cause_history_count|strict_trigger_proximal_common_cause_count|cluster_review_decision,,0,0,0,5,0,0,0,0,0
docs/OPS_CONALOG_RUNTIME_BRANCH_BR_20260423_011_BLOCKED_CLUSTER_PANEL_PACKET_V1.csv,.csv,11552,27,fd57247511dc,runtime_branch;common_cause;operator_handoff;release_runtime;topology_grouping,,,26,review_priority|site|panel_root|panel_id|패널고장여부_ko|사건유형_재판정_ko|최종고장양상_재판정_ko|strict_trigger_date|secondary_window_selected_onset_date|secondary_window_selected_marker|secondary_window_selected_gap_days|secondary_window_qualified_count|secondary_window_too_early_count|site_event_history_flag|subgroup_common_cause_history_flag|common_cause_history_flag|strict_trigger_proximal_common_cause_flag|trigger_proximal_common_cause_flag|promotion_decision_bucket|promotion_decision_reason|cluster_review_dec,,0,0,0,33,0,76,0,0,0
docs/OPS_CONALOG_RUNTIME_BRANCH_BR_20260423_011_BLOCKED_CLUSTER_RISK_DEEP_PACKET_V1.md,.md,5703,100,20ddb6f92acd,runtime_branch;gate_contract;performance_audit;common_cause;operator_handoff;release_runtime,# OPS_CONALOG_RUNTIME_BRANCH_BR_20260423_011_BLOCKED_CLUSTER_RISK_DEEP_PACKET_V1,# OPS_CONALOG_RUNTIME_BRANCH_BR_20260423_011_BLOCKED_CLUSTER_RISK_DEEP_PACKET_V1 || ## [BR-20260423-011] blocked cluster risk deep packet || ## 1. 이슈 요약 || ## 2. 입력 산출물 || ## 3. 새 산출물 || ## 4. 핵심 결과,,,,0,0,0,21,3,4,0,0,16
docs/OPS_CONALOG_RUNTIME_BRANCH_BR_20260423_011_BLOCKED_CLUSTER_ROOT_SUMMARY_V1.csv,.csv,985,3,4415a73c2aa9,runtime_branch;performance_audit;common_cause;operator_handoff;release_runtime,,,2,site|panel_root|panel_count|selected_onset_min|selected_onset_max|strict_trigger_min|strict_trigger_max|selected_gap_min|selected_gap_mean|selected_gap_max|qualified_count_sum|qualified_count_mean|too_early_count_sum|too_early_count_mean|site_event_history_count|subgroup_common_cause_history_count|common_cause_history_count|strict_trigger_proximal_common_cause_count|trigger_proximal_common_cause_count|selected_marker_mix|cluster_review_decision|operator_facing_change_allowed,,0,0,0,7,0,2,0,0,0
docs/OPS_CONALOG_RUNTIME_BRANCH_BR_20260423_012_G1_SUPPRESSION_SHADOW_PANEL_SIM_V1.csv,.csv,4815,8,9c22752f0799,runtime_branch;common_cause;operator_handoff;release_runtime;topology_grouping,,,7,site|panel_root|panel_id|패널고장여부_ko|사건유형_재판정_ko|최종고장양상_재판정_ko|current_precursor_onset_date|strict_trigger_date|gap_days|onset_method|degradation_onset_backdate_guard_flag|secondary_window_selected_onset_date|secondary_window_selected_marker|secondary_window_selected_gap_days|secondary_window_qualified_count|secondary_window_too_early_count|site_event_history_flag|subgroup_common_cause_history_flag|common_cause_history_flag|strict_trigger_proximal_common_cause_flag|trigger_proximal_common_cause_fl,,0,0,0,7,0,0,0,0,0
docs/OPS_CONALOG_RUNTIME_BRANCH_BR_20260423_012_G1_SUPPRESSION_SHADOW_ROOT_SUMMARY_V1.csv,.csv,1357,4,ef5558bba544,runtime_branch;common_cause;operator_handoff;release_runtime,,,3,site|panel_root|panel_count|current_onset_min|current_onset_max|strict_trigger_min|strict_trigger_max|current_gap_min|current_gap_mean|current_gap_max|secondary_selected_onset_min|secondary_selected_onset_max|secondary_selected_gap_min|secondary_selected_gap_mean|secondary_selected_gap_max|site_event_history_count|subgroup_common_cause_history_count|common_cause_history_count|strict_trigger_proximal_common_cause_count|trigger_proximal_common_cause_count|shadow_precursor_removed_count|secondary_m,,0,0,0,7,0,0,0,0,0
docs/OPS_CONALOG_RUNTIME_BRANCH_BR_20260423_012_G1_SUPPRESSION_SHADOW_SIMULATION_V1.md,.md,5512,104,3cdeb20fe137,runtime_branch;gate_contract;common_cause;operator_handoff;release_runtime,# OPS_CONALOG_RUNTIME_BRANCH_BR_20260423_012_G1_SUPPRESSION_SHADOW_SIMULATION_V1,# OPS_CONALOG_RUNTIME_BRANCH_BR_20260423_012_G1_SUPPRESSION_SHADOW_SIMULATION_V1 || ## [BR-20260423-012] G1 suppression shadow simulation || ## 1. 이슈 요약 || ## 2. G1 shadow rule || ## 3. 산출물 || ## 4. 핵심 결과,,,,0,1,0,15,3,0,0,1,13
docs/OPS_CONALOG_RUNTIME_BRANCH_BR_20260423_012_G1_SUPPRESSION_SHADOW_SUMMARY_V1.csv,.csv,816,11,111342d1368d,runtime_branch;common_cause;operator_handoff;release_runtime,,,10,metric|value|note,,0,0,0,6,1,0,0,0,0
docs/OPS_CONALOG_RUNTIME_BRANCH_BR_20260423_013_G1_SUPPRESSED_EVENT_SHADOW_COLUMNS_V1.md,.md,4689,93,604ae200d886,runtime_branch;gate_contract;operator_handoff;release_runtime,# OPS_CONALOG_RUNTIME_BRANCH_BR_20260423_013_G1_SUPPRESSED_EVENT_SHADOW_COLUMNS_V1,# OPS_CONALOG_RUNTIME_BRANCH_BR_20260423_013_G1_SUPPRESSED_EVENT_SHADOW_COLUMNS_V1 || ## [BR-20260423-013] G1 suppressed-event shadow columns || ## 1. 이슈 요약 || ## 2. 구현 범위 || ## 3. 추가 audit columns || ## 4. Summary columns,,,,0,0,0,14,7,0,0,0,8
docs/OPS_CONALOG_RUNTIME_BRANCH_BR_20260423_013_G1_SUPPRESSED_EVENT_SHADOW_ROWS_V1.csv,.csv,1865,8,024535d53ea6,runtime_branch;common_cause;release_runtime;topology_grouping,,,7,site|panel_id|retrospective_onset_date|strict_trigger_date|gap_days|사건유형_재판정_ko|최종고장양상_재판정_ko|g1_suppressed_event_shadow_event_type_if_applied_ko|g1_suppressed_event_shadow_final_pattern_if_applied_ko|g1_suppressed_event_shadow_transition_class|promotion_decision_bucket|strict_trigger_proximal_common_cause_flag|site_event_history_flag|subgroup_common_cause_history_flag,,0,0,0,4,0,0,0,0,0
docs/OPS_CONALOG_RUNTIME_BRANCH_BR_20260423_013_G1_SUPPRESSED_EVENT_SHADOW_VALIDATION_V1.csv,.csv,890,14,cd98dbd2b8d3,runtime_branch;release_runtime,,,13,metric|value|status,,0,0,0,2,0,0,0,0,0
docs/OPS_CONALOG_RUNTIME_BRANCH_BR_20260423_014_G1_OPERATOR_SEMANTIC_PREVIEW_BY_COLUMN_V1.csv,.csv,391,14,8f0a1c8458e0,runtime_branch;operator_handoff;release_runtime,,,13,output_column|changed_panels|changed_cells,,0,0,0,0,0,0,0,0,1
docs/OPS_CONALOG_RUNTIME_BRANCH_BR_20260423_014_G1_OPERATOR_SEMANTIC_PREVIEW_DIFF_LONG_V1.csv,.csv,13462,92,a6e66aff8701,runtime_branch;operator_handoff;release_runtime;topology_grouping,,,91,site|panel_id|output_column|current_value|proposed_value|semantic_transition_class|preview_status,,0,0,0,0,0,0,0,0,1
docs/OPS_CONALOG_RUNTIME_BRANCH_BR_20260423_014_G1_OPERATOR_SEMANTIC_PREVIEW_PANEL_V1.csv,.csv,4541,8,8b32e9e6a570,runtime_branch;common_cause;operator_handoff;release_runtime;topology_grouping,,,7,site|panel_id|preview_status|rule_name|current_event_type_ko|proposed_event_type_ko|current_event_interpretation_ko|proposed_event_interpretation_ko|current_final_pattern_ko|proposed_final_pattern_ko|current_event_history_ko|proposed_event_history_ko|current_precursor_flag|proposed_precursor_flag|current_abrupt_flag|proposed_abrupt_flag|current_precursor_eval_flag|proposed_precursor_eval_flag|current_abrupt_eval_flag|proposed_abrupt_eval_flag|current_first_precursor_date|proposed_first_precursor,,0,0,0,4,7,0,0,0,7
docs/OPS_CONALOG_RUNTIME_BRANCH_BR_20260423_014_G1_OPERATOR_SEMANTIC_PREVIEW_SUMMARY_V1.csv,.csv,695,10,5fe7087bb6d3,runtime_branch;common_cause;operator_handoff;release_runtime,,,9,metric|value|note,,0,0,0,5,1,0,0,0,4
docs/OPS_CONALOG_RUNTIME_BRANCH_BR_20260423_014_G1_OPERATOR_SEMANTIC_PREVIEW_V1.md,.md,5020,110,5aa4d63dc237,runtime_branch;gate_contract;operator_handoff;release_runtime,# OPS_CONALOG_RUNTIME_BRANCH_BR_20260423_014_G1_OPERATOR_SEMANTIC_PREVIEW_V1,# OPS_CONALOG_RUNTIME_BRANCH_BR_20260423_014_G1_OPERATOR_SEMANTIC_PREVIEW_V1 || ## [BR-20260423-014] G1 operator-facing semantic preview || ## 1. 이슈 요약 || ## 2. 입력 실행 || ## 3. 산출물 || ## 4. 핵심 결과,,,,0,0,0,10,6,0,0,0,24
docs/OPS_CONALOG_RUNTIME_BRANCH_BR_20260423_015_G1_APPLY_READY_BY_COLUMN_V1.csv,.csv,391,14,9700709b6064,runtime_branch;release_runtime,,,13,output_column|changed_panels|changed_cells,,0,0,0,0,0,0,0,0,1
docs/OPS_CONALOG_RUNTIME_BRANCH_BR_20260423_015_G1_APPLY_READY_DIFF_LONG_V1.csv,.csv,11512,79,9376e6e9a085,runtime_branch;release_runtime;topology_grouping,,,78,site|panel_id|approval_status|output_column|current_value|proposed_value|semantic_transition_class|production_write_allowed,,0,0,0,0,0,0,0,0,1
docs/OPS_CONALOG_RUNTIME_BRANCH_BR_20260423_015_G1_APPLY_READY_PANEL_SIDECAR_V1.csv,.csv,4300,7,9eb36aff2cfb,runtime_branch;common_cause;release_runtime;topology_grouping,,,6,site|panel_id|rule_name|approval_status|candidate_scope|current_event_type_ko|proposed_event_type_ko|current_event_interpretation_ko|proposed_event_interpretation_ko|current_final_pattern_ko|proposed_final_pattern_ko|current_event_history_ko|proposed_event_history_ko|current_precursor_flag|proposed_precursor_flag|current_abrupt_flag|proposed_abrupt_flag|current_precursor_eval_flag|proposed_precursor_eval_flag|current_abrupt_eval_flag|proposed_abrupt_eval_flag|current_first_precursor_date|propose,,0,0,0,4,0,0,0,0,6
docs/OPS_CONALOG_RUNTIME_BRANCH_BR_20260423_015_G1_APPLY_READY_SIDECAR_V1.md,.md,4507,115,0b28f0a7f2f9,runtime_branch;gate_contract;common_cause;operator_handoff;release_runtime,# OPS_CONALOG_RUNTIME_BRANCH_BR_20260423_015_G1_APPLY_READY_SIDECAR_V1,# OPS_CONALOG_RUNTIME_BRANCH_BR_20260423_015_G1_APPLY_READY_SIDECAR_V1 || ## [BR-20260423-015] G1 apply-ready sidecar || ## 1. 이슈 요약 || ## 2. 입력 실행 || ## 3. 산출물 || ## 4. 핵심 결과,,,,0,2,0,10,3,0,0,0,20
docs/OPS_CONALOG_RUNTIME_BRANCH_BR_20260423_015_G1_APPLY_READY_SUMMARY_V1.csv,.csv,689,10,c949b830fe07,runtime_branch;release_runtime,,,9,metric|value|note,,0,0,0,0,0,0,0,0,4
docs/OPS_CONALOG_RUNTIME_BRANCH_BR_20260423_015_G1_HOLD_REVIEW_PANEL_V1.csv,.csv,1619,2,0d42d716e297,runtime_branch;common_cause;release_runtime;topology_grouping,,,1,site|panel_id|rule_name|approval_status|candidate_scope|current_event_type_ko|proposed_event_type_ko|current_event_interpretation_ko|proposed_event_interpretation_ko|current_final_pattern_ko|proposed_final_pattern_ko|current_event_history_ko|proposed_event_history_ko|current_precursor_flag|proposed_precursor_flag|current_abrupt_flag|proposed_abrupt_flag|current_precursor_eval_flag|proposed_precursor_eval_flag|current_abrupt_eval_flag|proposed_abrupt_eval_flag|current_first_precursor_date|propose,,0,0,0,5,0,0,0,0,0
docs/OPS_CONALOG_RUNTIME_BRANCH_BR_20260423_016_G1_SEMANTIC_APPLY_FINAL_VERDICT_DIFF_LONG_V1.csv,.csv,9481,85,c115694054ff,runtime_branch;release_runtime;topology_grouping,,,84,﻿table_name|site|panel_id|output_column|before_value|after_value,,0,0,0,0,0,0,0,0,1
docs/OPS_CONALOG_RUNTIME_BRANCH_BR_20260423_016_G1_SEMANTIC_APPLY_HEURISTIC_DIFF_LONG_V1.csv,.csv,3655,19,ed3bcf0a585f,runtime_branch;release_runtime;topology_grouping,,,18,﻿table_name|site|panel_id|output_column|before_value|after_value,,0,0,0,0,0,0,0,0,1
docs/OPS_CONALOG_RUNTIME_BRANCH_BR_20260423_016_G1_SEMANTIC_APPLY_PANEL_STATUS_V1.csv,.csv,2333,8,98d95c13d439,runtime_branch;common_cause;operator_handoff;release_runtime;topology_grouping,,,7,﻿site|panel_id|g1_shadow_flag|g1_guard_applied_flag|review_status|strict_trigger_proximal_common_cause_flag|before_event_type_ko|after_event_type_ko|before_final_pattern_ko|after_final_pattern_ko|before_precursor_flag|after_precursor_flag|before_abrupt_flag|after_abrupt_flag|before_retrospective_onset_date|after_retrospective_onset_date|strict_trigger_date|gap_days|apply_reason,,0,0,0,1,6,0,0,0,0
docs/OPS_CONALOG_RUNTIME_BRANCH_BR_20260423_016_G1_SEMANTIC_APPLY_RAW_ONLY_FAULT_DIFF_LONG_V1.csv,.csv,1603,13,4d55dbde683a,runtime_branch;release_runtime;topology_grouping,,,12,﻿table_name|site|panel_id|output_column|before_value|after_value,,0,0,0,0,0,0,0,0,1
docs/OPS_CONALOG_RUNTIME_BRANCH_BR_20260423_016_G1_SEMANTIC_APPLY_SUMMARY_V1.csv,.csv,695,5,24059c525413,runtime_branch;release_runtime,,,4,﻿table_name|before_rows|after_rows|changed_rows|changed_columns|changed_cells|changed_columns_csv,,0,0,0,0,0,0,0,0,1
docs/OPS_CONALOG_RUNTIME_BRANCH_BR_20260423_016_G1_SEMANTIC_APPLY_V1.md,.md,4280,72,7282e219ab2c,runtime_branch;gate_contract;common_cause;operator_handoff;release_runtime,# OPS_CONALOG_RUNTIME_BRANCH_BR_20260423_016_G1_SEMANTIC_APPLY_V1,# OPS_CONALOG_RUNTIME_BRANCH_BR_20260423_016_G1_SEMANTIC_APPLY_V1 || ## [BR-20260423-016] G1 semantic apply || ## 1. 이슈 요약 || ## 2. 적용 규칙 || ## 3. Scope guard || ## 4. Cause-candidate guard,,,,0,1,0,13,3,0,0,0,11
docs/OPS_CONALOG_RUNTIME_BRANCH_BR_20260423_016_G1_SEMANTIC_APPLY_VALIDATION_V1.json,.json,1337,44,6ddeb0930808,runtime_branch;release_runtime;topology_grouping,,,,,branch_id|baseline_output_root|after_output_root|g1_shadow_rows|g1_guard_applied_rows|g1_hold_review_rows|hold_panel_ids|runtime_final_changed_rows|runtime_final_changed_columns|runtime_final_changed_cells|runtime_final_expected_columns_match|raw_only_chain_fault_changed_rows|raw_only_chain_fault_changed_columns|heuristic_changed_rows|heuristic_changed_columns|heuristic_top_candidate_rank_drift_rows|published_raw_only_current_changed_rows|production_strict_current_changed_rows,0,0,0,2,0,0,0,0,4
docs/OPS_CONALOG_RUNTIME_BRANCH_BR_20260423_017_EPISODE_SHADOW_PANEL_V1.csv,.csv,65122,146,33f3ddadb2cb,runtime_branch;common_cause;release_runtime;topology_grouping,,,145,﻿site|panel_id|current_event_type_ko|current_final_pattern_ko|algorithm_family_ko|heuristic_top1_ko|episode_basis_date|episode_basis_kind|retrospective_onset_date|g1_original_suppressed_onset_date|strict_trigger_date|gap_days|onset_method|degradation_days_in_window|shadow_days_in_window|event_A_days_in_window|event_A_days_after_onset|low_mid_ratio_days_in_window|low_mid_ratio_days_after_onset|fault_like_days_in_window|pre_ews_days_in_window|ews_warning_days_in_window|pre_alarm_days_in_window|pre,,0,0,0,139,0,104,0,0,0
docs/OPS_CONALOG_RUNTIME_BRANCH_BR_20260423_017_EPISODE_SHADOW_SUMMARY_V1.csv,.csv,740,9,8bf2171e6f9a,runtime_branch;common_cause;release_runtime,,,8,﻿episode_class_shadow|precursor_promotion_shadow_decision|fault_family_hypothesis_shadow_ko|panel_count,,0,0,0,1,0,0,0,0,0
docs/OPS_CONALOG_RUNTIME_BRANCH_BR_20260423_017_FAULT_MORPHOLOGY_ATLAS_V1.csv,.csv,5732,7,8fa3fa6429d0,runtime_branch;common_cause;release_runtime,,,6,﻿family_key|family_label_ko|time_shape_ko|vi_shape_ko|spatial_shape_ko|precursor_promote_condition_ko|hold_episode_condition_ko|sudden_condition_ko|primary_features_csv|threshold_candidate_ko|notes_ko,,0,2,0,19,0,0,0,0,1
docs/OPS_CONALOG_RUNTIME_BRANCH_BR_20260423_017_FAULT_MORPHOLOGY_ATLAS_V1.md,.md,6519,111,51bada8f096e,runtime_branch;gate_contract;release_runtime,# OPS_CONALOG_RUNTIME_BRANCH_BR_20260423_017_FAULT_MORPHOLOGY_ATLAS_V1,# OPS_CONALOG_RUNTIME_BRANCH_BR_20260423_017_FAULT_MORPHOLOGY_ATLAS_V1 || ## [BR-20260423-017] Fault morphology atlas shadow || ## 1. 이슈 요약 || ## 2. Scope guard || ## 3. Evidence inputs || ## 4. Atlas output,,,,0,2,0,10,1,0,0,0,15
docs/OPS_CONALOG_RUNTIME_BRANCH_BR_20260423_017_G1_LONGGAP_CASES_V1.csv,.csv,4623,8,811518292ef2,runtime_branch;common_cause;release_runtime;topology_grouping,,,7,﻿site|panel_id|current_event_type_ko|current_final_pattern_ko|algorithm_family_ko|heuristic_top1_ko|episode_basis_date|episode_basis_kind|retrospective_onset_date|g1_original_suppressed_onset_date|strict_trigger_date|gap_days|onset_method|degradation_days_in_window|shadow_days_in_window|event_A_days_in_window|event_A_days_after_onset|low_mid_ratio_days_in_window|low_mid_ratio_days_after_onset|fault_like_days_in_window|pre_ews_days_in_window|ews_warning_days_in_window|pre_alarm_days_in_window|pre,,0,0,0,7,0,0,0,0,0
docs/OPS_CONALOG_RUNTIME_BRANCH_BR_20260423_017_THRESHOLD_CANDIDATE_V1.csv,.csv,1209,7,68134f990583,runtime_branch;common_cause;release_runtime,,,6,﻿axis|feature|promote_candidate|hold_or_block|reason_ko,,0,0,0,4,0,0,0,0,1
docs/OPS_CONALOG_RUNTIME_BRANCH_BR_20260423_017_VALIDATION_V1.json,.json,622,18,8a860e923278,runtime_branch;common_cause;release_runtime,,,,,branch_id|run_root|raw_only_status|atlas_rows|threshold_candidate_rows|shadow_panel_rows|summary_rows|production_write_allowed_sum|g1_shadow_rows|g1_applied_rows_after_br016|g1_hold_rows_after_br016|g1_original_episode_basis_rows|g1_longgap_one_day_hold_rows_by_threshold_candidate|confirmed_precursor_candidate_rows|common_cause_or_longgap_block_rows|note,0,0,0,2,0,0,0,0,1
docs/OPS_CONALOG_RUNTIME_BRANCH_BR_20260423_018_FAULT_SUBTYPE_HYPOTHESIS_MAP_V1.csv,.csv,6982,18,fb34ce997370,runtime_branch;project_eval;release_runtime,,,17,family_key|family_label_ko|subtype_key|subtype_label_ko|primary_signature_ko|secondary_signature_ko|negative_signature_ko|minimum_evidence_shadow_ko|recommended_shadow_action|notes_ko,,0,2,0,17,0,0,0,0,0
docs/OPS_CONALOG_RUNTIME_BRANCH_BR_20260423_018_FAULT_SUBTYPE_HYPOTHESIS_ROADMAP_V1.md,.md,5346,101,e968920224b7,runtime_branch;gate_contract;operator_handoff;release_runtime,# OPS_CONALOG_RUNTIME_BRANCH_BR_20260423_018_FAULT_SUBTYPE_HYPOTHESIS_ROADMAP_V1,# OPS_CONALOG_RUNTIME_BRANCH_BR_20260423_018_FAULT_SUBTYPE_HYPOTHESIS_ROADMAP_V1 || ## [BR-20260423-018] Fault subtype hypothesis roadmap || ## 1. 이슈 요약 || ## 2. Scope guard || ## 3. Locked schema for next shadow branch || ## 4. Subtype hypothesis map,,,,0,6,0,2,4,0,0,6,6
docs/OPS_CONALOG_RUNTIME_BRANCH_BR_20260423_019_FAULT_SUBTYPE_SHADOW_SITE_SUMMARY_V1.csv,.csv,899,12,897ad8694b9a,runtime_branch;release_runtime,,,11,﻿site|fault_family_hypothesis_shadow_ko|fault_subtype_hypothesis_shadow_ko|panel_count,,0,0,0,0,0,0,0,0,0
docs/OPS_CONALOG_RUNTIME_BRANCH_BR_20260423_019_FAULT_SUBTYPE_SHADOW_SUMMARY_V1.csv,.csv,600,8,a6732f652a65,runtime_branch;release_runtime,,,7,﻿fault_family_hypothesis_shadow_ko|fault_subtype_hypothesis_shadow_ko|subtype_confidence_shadow|panel_count,,0,0,0,0,0,0,0,0,0
docs/OPS_CONALOG_RUNTIME_BRANCH_BR_20260423_019_FAULT_SUBTYPE_SHADOW_V1.md,.md,5205,98,88841daa0c36,runtime_branch;gate_contract;common_cause;operator_handoff;release_runtime,# OPS_CONALOG_RUNTIME_BRANCH_BR_20260423_019_FAULT_SUBTYPE_SHADOW_V1,# OPS_CONALOG_RUNTIME_BRANCH_BR_20260423_019_FAULT_SUBTYPE_SHADOW_V1 || ## [BR-20260423-019] Fault subtype hypothesis shadow columns || ## 1. 이슈 요약 || ## 2. Scope guard || ## 3. Added shadow columns || ## 4. Classification policy,,,,0,8,0,9,4,0,0,0,16
docs/OPS_CONALOG_RUNTIME_BRANCH_BR_20260423_019_FAULT_SUBTYPE_SHADOW_VALIDATION_V1.json,.json,849,25,cfeb3e27818e,runtime_branch;release_runtime,,,,,branch_id|run_root|raw_only_status|audit_rows|audit_columns|subtype_shadow_columns|subtype_shadow_populated_rows|subtype_production_write_allowed_sum|subtype_confidence_counts|old_audit_common_columns_equal_to_br017|raw_only_final_verdict_equal_to_br017|raw_only_heuristic_equal_to_br017|engine_core_compare_all_match|note,0,1,0,2,0,0,0,0,1
docs/OPS_CONALOG_RUNTIME_BRANCH_BR_20260423_020_RETROSPECTIVE_SUBTYPE_CONSISTENCY_AUDIT_V1.csv,.csv,2849,8,a14118052afb,runtime_branch;release_runtime,,,7,review_group|branches|prior_decision_scope|subtype_goal_check|consistency_status|semantic_reopen_required|shadow_followup_required|next_action|rationale_ko,,0,2,0,4,1,0,0,3,0
docs/OPS_CONALOG_RUNTIME_BRANCH_BR_20260423_020_RETROSPECTIVE_SUBTYPE_CONSISTENCY_AUDIT_V1.md,.md,5008,107,c0581fa23e9d,runtime_branch;gate_contract;operator_handoff;release_runtime,# OPS_CONALOG_RUNTIME_BRANCH_BR_20260423_020_RETROSPECTIVE_SUBTYPE_CONSISTENCY_AUDIT_V1,# OPS_CONALOG_RUNTIME_BRANCH_BR_20260423_020_RETROSPECTIVE_SUBTYPE_CONSISTENCY_AUDIT_V1 || ## [BR-20260423-020] Retrospective subtype consistency audit || ## 1. 이슈 요약 || ## 2. Scope guard || ## 3. Headline result || ## 4. Review summary,,,,0,3,0,1,3,0,0,2,9
docs/OPS_CONALOG_RUNTIME_BRANCH_BR_20260423_020_RETROSPECTIVE_SUBTYPE_CONSISTENCY_VALIDATION_V1.json,.json,623,19,42a1753cce96,runtime_branch;operator_handoff;release_runtime,,,,,branch_id|review_group_rows|semantic_reopen_required_sum|shadow_followup_required_sum|operator_facing_rollback_required|production_verdict_patch_required|status_counts|next_required_actions|note,0,0,0,0,0,0,0,0,0
docs/OPS_CONALOG_RUNTIME_BRANCH_BR_20260423_021_PROMOTION_BLOCKER_SUMMARY_V1.csv,.csv,310,5,ae2cb127ea9d,runtime_branch;common_cause;release_runtime,,,4,﻿subtype_promotion_blocker_shadow|site|panel_count|strict_trigger_proximal_common_cause_count|subgroup_common_cause_history_count|site_event_history_count|g1_shadow_count,,0,0,0,7,0,0,0,0,0
docs/OPS_CONALOG_RUNTIME_BRANCH_BR_20260423_021_SHAPE_CONFIDENCE_BLOCKER_SPLIT_V1.md,.md,3486,62,e14c178fabc7,runtime_branch;common_cause;release_runtime;evidence_matrix,# OPS_CONALOG_RUNTIME_BRANCH_BR_20260423_021_SHAPE_CONFIDENCE_BLOCKER_SPLIT_V1,# OPS_CONALOG_RUNTIME_BRANCH_BR_20260423_021_SHAPE_CONFIDENCE_BLOCKER_SPLIT_V1 || ## Purpose || ## Scope || ## Reproduction Commands || ## Evidence Artifacts || ## Results,,,,0,3,0,12,1,0,0,0,12
docs/OPS_CONALOG_RUNTIME_BRANCH_BR_20260423_021_SHAPE_CONFIDENCE_SUMMARY_V1.csv,.csv,1262,12,816e64143bf8,runtime_branch;common_cause;release_runtime,,,11,﻿site|fault_family_hypothesis_shadow_ko|fault_subtype_hypothesis_shadow_ko|subtype_confidence_shadow|subtype_shape_confidence_shadow|subtype_promotion_blocker_shadow|panel_count,,0,0,0,10,0,0,0,0,0
docs/OPS_CONALOG_RUNTIME_BRANCH_BR_20260423_021_VALIDATION_V1.json,.json,1073,32,5a41b29a6b79,runtime_branch;common_cause;release_runtime,,,,,branch|scope|fresh_tri_site_output_root|br019_reference_output_root|audit_rows|audit_columns|subtype_shadow_populated_rows|subtype_production_write_allowed_sum|shape_confidence_counts|promotion_blocker_counts|legacy_confidence_counts|audit_old_common_columns_count|audit_old_common_columns_equal_to_br019|new_audit_columns|raw_only_final_verdict_equal_to_br019|raw_only_heuristic_equal_to_br019|engine_core_shadow_compare_all_match|decision,0,1,0,5,0,0,0,0,4
docs/OPS_CONALOG_RUNTIME_BRANCH_BR_20260423_022_COMMON_CAUSE_BLOCKER_DETAIL_SUMMARY_V1.csv,.csv,2391,18,90564363462f,runtime_branch;common_cause;release_runtime,,,17,﻿site|subtype_promotion_blocker_shadow|subtype_promotion_blocker_detail_shadow|fault_family_hypothesis_shadow_ko|fault_subtype_hypothesis_shadow_ko|subtype_shape_confidence_shadow|panel_count|site_event_count|group_off_count|subgroup_common_cause_count|strict_trigger_proximal_count|warning_proximal_count|trigger_proximal_count,,0,0,0,32,0,0,0,0,0
docs/OPS_CONALOG_RUNTIME_BRANCH_BR_20260423_022_COMMON_CAUSE_BLOCKER_DETAIL_V1.md,.md,4199,75,3030d283b2f9,runtime_branch;common_cause;operator_handoff;release_runtime;evidence_matrix,# OPS_CONALOG_RUNTIME_BRANCH_BR_20260423_022_COMMON_CAUSE_BLOCKER_DETAIL_V1,# OPS_CONALOG_RUNTIME_BRANCH_BR_20260423_022_COMMON_CAUSE_BLOCKER_DETAIL_V1 || ## Purpose || ## Scope || ## Detail Buckets || ## Reproduction Commands || ## Evidence Artifacts,,,,0,6,0,36,1,0,0,1,11
docs/OPS_CONALOG_RUNTIME_BRANCH_BR_20260423_022_COMMON_CAUSE_BLOCKER_SITE_SUMMARY_V1.csv,.csv,566,9,f3be81bdbb12,runtime_branch;common_cause;release_runtime,,,8,﻿subtype_promotion_blocker_detail_shadow|site|panel_count|site_event_count|group_off_count|subgroup_common_cause_count|common_cause_history_count|strict_trigger_proximal_count|warning_proximal_count|trigger_proximal_count,,0,0,0,11,0,0,0,0,0
docs/OPS_CONALOG_RUNTIME_BRANCH_BR_20260423_022_VALIDATION_V1.json,.json,1196,38,bc5d8c375a4d,runtime_branch;common_cause;release_runtime,,,,,branch|scope|fresh_tri_site_output_root|br021_reference_output_root|audit_rows|audit_columns|subtype_shadow_populated_rows|subtype_production_write_allowed_sum|shape_confidence_counts|promotion_blocker_counts|promotion_blocker_detail_counts|legacy_confidence_counts|audit_old_common_columns_count|audit_old_common_columns_equal_to_br021|new_audit_columns|raw_only_final_verdict_equal_to_br021|raw_only_heuristic_equal_to_br021|engine_core_shadow_compare_all_match|decision,0,1,0,11,0,0,0,0,4
docs/OPS_CONALOG_RUNTIME_BRANCH_BR_20260423_023_BLOCKER_DETAIL_REVIEW_PACKET_V1.csv,.csv,124282,78,dc19175a9b95,runtime_branch;common_cause;release_runtime;topology_grouping,,,77,﻿review_packet_id|site|panel_id|panel_root_id|panel_branch_id|subtype_promotion_blocker_detail_shadow|review_priority|default_decision_ko|review_question_ko|recommended_check_ko|사건유형_재판정_ko|최종고장양상_재판정_ko|earliest_warning_date|retrospective_onset_date|strict_trigger_date|first_final_fault_date|common_cause_anchor_date|common_cause_anchor_kind|gap_days|onset_confidence|onset_method|fault_family_hypothesis_shadow_ko|fault_subtype_hypothesis_shadow_ko|subtype_shape_confidence_shadow|subtype_confiden,,0,155,0,739,0,138,0,0,0
docs/OPS_CONALOG_RUNTIME_BRANCH_BR_20260423_023_BLOCKER_DETAIL_REVIEW_PACKET_V1.md,.md,3072,63,c826254692a3,runtime_branch;common_cause;release_runtime;evidence_matrix,# OPS_CONALOG_RUNTIME_BRANCH_BR_20260423_023_BLOCKER_DETAIL_REVIEW_PACKET_V1,"# OPS_CONALOG_RUNTIME_BRANCH_BR_20260423_023_BLOCKER_DETAIL_REVIEW_PACKET_V1 || ## Purpose || ## Source || ## Reproduction Command || # read BR-022 runtime audit, filter blocker detail in || # {'group_off', 'strict_trigger_proximal'}, derive packet/review columns,",,,,0,3,0,10,0,0,0,1,13
docs/OPS_CONALOG_RUNTIME_BRANCH_BR_20260423_023_BLOCKER_DETAIL_REVIEW_SUMMARY_V1.csv,.csv,3746,17,ac4887efc234,runtime_branch;performance_audit;common_cause;release_runtime,,,16,﻿subtype_promotion_blocker_detail_shadow|site|panel_root_id|panel_branch_id|panel_count|first_strict_trigger_date|last_strict_trigger_date|event_type_set|subtype_set|promotion_bucket_set|secondary_window_candidate_count|site_event_count|group_off_count|subgroup_common_cause_count|strict_trigger_proximal_count|trigger_proximal_count,,0,0,0,10,0,12,0,0,0
docs/OPS_CONALOG_RUNTIME_BRANCH_BR_20260423_023_GROUP_OFF_REVIEW_PACKET_V1.csv,.csv,45361,29,66e185c106c0,runtime_branch;common_cause;release_runtime;topology_grouping,,,28,﻿review_packet_id|site|panel_id|panel_root_id|panel_branch_id|subtype_promotion_blocker_detail_shadow|review_priority|default_decision_ko|review_question_ko|recommended_check_ko|사건유형_재판정_ko|최종고장양상_재판정_ko|earliest_warning_date|retrospective_onset_date|strict_trigger_date|first_final_fault_date|common_cause_anchor_date|common_cause_anchor_kind|gap_days|onset_confidence|onset_method|fault_family_hypothesis_shadow_ko|fault_subtype_hypothesis_shadow_ko|subtype_shape_confidence_shadow|subtype_confiden,,0,57,0,347,0,126,0,0,0
docs/OPS_CONALOG_RUNTIME_BRANCH_BR_20260423_023_STRICT_TRIGGER_PROXIMAL_REVIEW_PACKET_V1.csv,.csv,80289,50,660df92bad27,runtime_branch;common_cause;release_runtime;topology_grouping,,,49,﻿review_packet_id|site|panel_id|panel_root_id|panel_branch_id|subtype_promotion_blocker_detail_shadow|review_priority|default_decision_ko|review_question_ko|recommended_check_ko|사건유형_재판정_ko|최종고장양상_재판정_ko|earliest_warning_date|retrospective_onset_date|strict_trigger_date|first_final_fault_date|common_cause_anchor_date|common_cause_anchor_kind|gap_days|onset_confidence|onset_method|fault_family_hypothesis_shadow_ko|fault_subtype_hypothesis_shadow_ko|subtype_shape_confidence_shadow|subtype_confiden,,0,99,0,403,0,12,0,0,0
docs/OPS_CONALOG_RUNTIME_BRANCH_BR_20260423_023_VALIDATION_V1.json,.json,1115,28,2d323fd4d220,runtime_branch;common_cause;operator_handoff;release_runtime,,,,,branch|scope|source_audit_path|packet_rows|group_off_rows|strict_trigger_proximal_rows|detail_site_counts|review_priority_counts|summary_rows|subtype_production_write_allowed_sum|operator_facing_change|code_change|decision|packet_id_sequence_fixed_by_br024|packet_id_sequence_first|packet_id_sequence_last|packet_id_sequence_monotonic_in_file_order,0,0,0,3,0,0,0,0,3
docs/OPS_CONALOG_RUNTIME_BRANCH_BR_20260423_024_PATCH_GAP_REVIEW_V1.md,.md,2286,48,ad395e269271,runtime_branch;common_cause;operator_handoff;release_runtime;evidence_matrix,# OPS_CONALOG_RUNTIME_BRANCH_BR_20260423_024_PATCH_GAP_REVIEW_V1,# OPS_CONALOG_RUNTIME_BRANCH_BR_20260423_024_PATCH_GAP_REVIEW_V1 || ## Purpose || ## Findings || ## Fixed In This Branch || ## Validation || ## Decision,,,,0,1,0,5,2,0,0,1,6
docs/OPS_CONALOG_RUNTIME_BRANCH_BR_20260423_024_VALIDATION_V1.json,.json,1185,23,c165bb85b612,runtime_branch;common_cause;operator_handoff;release_runtime;evidence_matrix,,,,,branch|scope|fixed_issue|packet_rows|group_off_rows|strict_trigger_proximal_rows|review_packet_id_first|review_packet_id_last|review_packet_id_unique_count|review_packet_id_expected_count|summary_rows|summary_panel_count_sum|subtype_production_write_allowed_sum|operator_facing_change|code_change|remaining_review_gaps|decision,0,0,0,3,0,0,0,0,1
docs/OPS_CONALOG_RUNTIME_BRANCH_BR_20260424_025_FINAL_DELIVERY_BOUNDARY_NOTE_SYNC_V1.md,.md,2584,43,f7cbb60d22db,runtime_branch;release_runtime;evidence_matrix,# OPS_CONALOG_RUNTIME_BRANCH_BR_20260424_025_FINAL_DELIVERY_BOUNDARY_NOTE_SYNC_V1,# OPS_CONALOG_RUNTIME_BRANCH_BR_20260424_025_FINAL_DELIVERY_BOUNDARY_NOTE_SYNC_V1 || ## Purpose || ## Findings || ## Fixed In This Branch || ## Validation || ## Decision,,,,0,0,1,1,2,0,4,7,3
docs/OPS_CONALOG_RUNTIME_BRANCH_BR_20260424_026_SIGNAL_SCORE_MAP_TIGHTENING_V1.md,.md,2424,45,367ecf39aaf6,runtime_branch;gate_contract;common_cause;operator_handoff;release_runtime,# OPS_CONALOG_RUNTIME_BRANCH_BR_20260424_026_SIGNAL_SCORE_MAP_TIGHTENING_V1,# OPS_CONALOG_RUNTIME_BRANCH_BR_20260424_026_SIGNAL_SCORE_MAP_TIGHTENING_V1 || ## Purpose || ## Findings || ## Fixed In This Branch || ## Validation || ## Decision,,,,0,2,2,3,2,0,1,2,0
docs/OPS_CONALOG_RUNTIME_BRANCH_BR_20260424_027_COUNTEREXAMPLE_REGRESSION_CHECKLIST_V1.md,.md,2396,44,541ab10a758c,runtime_branch;gate_contract;common_cause;release_runtime,# OPS_CONALOG_RUNTIME_BRANCH_BR_20260424_027_COUNTEREXAMPLE_REGRESSION_CHECKLIST_V1,# OPS_CONALOG_RUNTIME_BRANCH_BR_20260424_027_COUNTEREXAMPLE_REGRESSION_CHECKLIST_V1 || ## Purpose || ## Findings || ## Fixed In This Branch || ## Validation || ## Decision,,,,0,0,2,4,1,0,2,2,1
docs/OPS_CONALOG_RUNTIME_BRANCH_BR_20260424_028_MISSING_SEED_SCAN_V1.md,.md,5839,82,12b0093d6c30,runtime_branch;gate_contract;performance_audit;common_cause;gpvs_reference;release_runtime;evidence_matrix;topology_grouping,# OPS_CONALOG_RUNTIME_BRANCH_BR_20260424_028_MISSING_SEED_SCAN_V1,# OPS_CONALOG_RUNTIME_BRANCH_BR_20260424_028_MISSING_SEED_SCAN_V1 || ## Purpose || ## Scope || ## Findings || ### 1. MLPE ambiguous: `제어응답형 top1`은 현재 tri-site scan에서 미관측 || ### 2. MLPE ambiguous shortlist: live-chain에서 `장치 응답 이상형` 관련 4건 확보,,,,0,1,5,14,0,8,0,0,16
docs/OPS_CONALOG_RUNTIME_BRANCH_BR_20260424_029_PROVISIONAL_SEED_PROMOTION_CRITERIA_V1.md,.md,4153,83,3cf86e9a5932,runtime_branch;decision_log;gate_contract;common_cause;release_runtime;topology_grouping,# OPS_CONALOG_RUNTIME_BRANCH_BR_20260424_029_PROVISIONAL_SEED_PROMOTION_CRITERIA_V1,# OPS_CONALOG_RUNTIME_BRANCH_BR_20260424_029_PROVISIONAL_SEED_PROMOTION_CRITERIA_V1 || ## Purpose || ## Scope || ## Review Result || ### 1. BR-028 provisional shortlist는 `빈 버킷 메우기` 용도로는 유효하다 || ### 2. 하지만 `발견 완료`로 읽으면 안 된다,,,,0,1,2,5,0,0,0,2,0
docs/OPS_CONALOG_RUNTIME_BRANCH_BR_20260424_030_SCORE_TO_PROJECTION_DECISION_LOG_V1.md,.md,2166,40,ce595aff09fd,runtime_branch;decision_log;gate_contract;common_cause;release_runtime,# OPS_CONALOG_RUNTIME_BRANCH_BR_20260424_030_SCORE_TO_PROJECTION_DECISION_LOG_V1,# OPS_CONALOG_RUNTIME_BRANCH_BR_20260424_030_SCORE_TO_PROJECTION_DECISION_LOG_V1 || ## Purpose || ## Scope || ## Review Result || ### 1. projection은 score rank 문제가 아니라 lane precedence 문제다 || ### 2. 따라서 `highest score wins`는 금지한다,,,,0,3,1,2,0,0,0,2,0
docs/OPS_CONALOG_RUNTIME_BRANCH_BR_20260424_031_CURATED_SEED_PROMOTION_AND_GAP_RESCAN_V1.md,.md,2497,56,3ae3169dad1a,runtime_branch;performance_audit;common_cause;release_runtime,# OPS_CONALOG_RUNTIME_BRANCH_BR_20260424_031_CURATED_SEED_PROMOTION_AND_GAP_RESCAN_V1,# OPS_CONALOG_RUNTIME_BRANCH_BR_20260424_031_CURATED_SEED_PROMOTION_AND_GAP_RESCAN_V1 || ## Purpose || ## Scope || ## Result || ### 1. provisional shortlist -> actual curated rows || ### 2. exact missing-family re-scan,,,,0,1,1,4,0,2,2,1,1
docs/OPS_CONALOG_RUNTIME_BRANCH_BR_20260424_032_NEAR_WINDOW_BACKLOG_DOC_SYNC_V1.md,.md,2083,32,4d4b050d6250,runtime_branch;gate_contract;common_cause;operator_handoff;release_runtime,# OPS_CONALOG_RUNTIME_BRANCH_BR_20260424_032_NEAR_WINDOW_BACKLOG_DOC_SYNC_V1,# OPS_CONALOG_RUNTIME_BRANCH_BR_20260424_032_NEAR_WINDOW_BACKLOG_DOC_SYNC_V1 || ## Purpose || ## Review Finding || ## Applied Sync || ## Locked Reading || ## Next Safe Step,,,,0,0,0,2,1,0,1,1,0
docs/OPS_CONALOG_RUNTIME_BRANCH_BR_20260424_033_NEAR_WINDOW_BACKLOG_DATA_ASSESSMENT_V1.md,.md,2423,69,1c6afac383d3,runtime_branch;gate_contract;common_cause;release_runtime;evidence_matrix,# OPS_CONALOG_RUNTIME_BRANCH_BR_20260424_033_NEAR_WINDOW_BACKLOG_DATA_ASSESSMENT_V1,# OPS_CONALOG_RUNTIME_BRANCH_BR_20260424_033_NEAR_WINDOW_BACKLOG_DATA_ASSESSMENT_V1 || ## Purpose || ## Scope || ## Assessment Rule || ## Result || ### 1. widened near-window overlap backlog size,,,,0,0,1,17,0,0,0,1,5
docs/OPS_CONALOG_RUNTIME_BRANCH_BR_20260424_034_EXACT_SEED_DEEP_SCAN_V1.md,.md,2360,68,a3c59191fe13,runtime_branch;gate_contract;performance_audit;common_cause;gpvs_reference;release_runtime;evidence_matrix,# OPS_CONALOG_RUNTIME_BRANCH_BR_20260424_034_EXACT_SEED_DEEP_SCAN_V1,# OPS_CONALOG_RUNTIME_BRANCH_BR_20260424_034_EXACT_SEED_DEEP_SCAN_V1 || ## Purpose || ## Scope || ## Result || ### 1. control-family deep scan || ### 2. same-day direct overlap expanded scan,,,,0,1,1,6,0,1,0,1,6
docs/OPS_CONALOG_RUNTIME_BRANCH_BR_20260424_035_EXACT_SEED_BLOCKER_ANATOMY_V1.md,.md,2430,61,721ca4e6ad5e,runtime_branch;common_cause;release_runtime;evidence_matrix,# OPS_CONALOG_RUNTIME_BRANCH_BR_20260424_035_EXACT_SEED_BLOCKER_ANATOMY_V1,# OPS_CONALOG_RUNTIME_BRANCH_BR_20260424_035_EXACT_SEED_BLOCKER_ANATOMY_V1 || ## Purpose || ## Scope || ## Result || ### 1. raw-daily exact row reservoir exists || ### 2. but report-layer exact family still does not exist,,,,0,2,3,8,0,0,0,1,9
docs/OPS_CONALOG_RUNTIME_BRANCH_BR_20260424_036_JUDGMENT_RUBRIC_LOCK_V1.md,.md,4147,72,a14522e59da3,runtime_branch;gate_contract;common_cause;release_runtime;evidence_matrix,# OPS_CONALOG_RUNTIME_BRANCH_BR_20260424_036_JUDGMENT_RUBRIC_LOCK_V1,# OPS_CONALOG_RUNTIME_BRANCH_BR_20260424_036_JUDGMENT_RUBRIC_LOCK_V1 || ## Purpose || ## Scope || ## Judgment Role Table || ## Test Usage Tag || ## Reading Rules,,,,0,7,0,4,0,0,1,1,2
docs/OPS_CONALOG_RUNTIME_BRANCH_BR_20260424_037_GROUP_OFF_REPORT_LANE_ENTRY_BLOCKERS_V1.md,.md,3339,93,09861b02d0e9,runtime_branch;performance_audit;common_cause;release_runtime;evidence_matrix,# OPS_CONALOG_RUNTIME_BRANCH_BR_20260424_037_GROUP_OFF_REPORT_LANE_ENTRY_BLOCKERS_V1,# OPS_CONALOG_RUNTIME_BRANCH_BR_20260424_037_GROUP_OFF_REPORT_LANE_ENTRY_BLOCKERS_V1 || ## Purpose || ## Scope || ## Result || ### 1. group-off exact row reservoir is gangui-only in the current scan || ### 2. report-lane entry distribution,,,,0,0,3,6,0,3,0,1,8
docs/OPS_CONALOG_RUNTIME_BRANCH_BR_20260424_038_PATCH_DIRECTION_RATIONALE_LOCK_V1.md,.md,3632,80,71136329c28e,runtime_branch;common_cause;operator_handoff;release_runtime,# OPS_CONALOG_RUNTIME_BRANCH_BR_20260424_038_PATCH_DIRECTION_RATIONALE_LOCK_V1,# OPS_CONALOG_RUNTIME_BRANCH_BR_20260424_038_PATCH_DIRECTION_RATIONALE_LOCK_V1 || ## Purpose || ## What Direction Was Chosen || ## Why This Direction Was Chosen || ### 1. exact family가 아직 닫히지 않았다 || ### 2. 근거는 있으나 대부분 exact보다 아래 급이다,,,,0,6,0,4,2,0,0,1,0
docs/OPS_CONALOG_RUNTIME_BRANCH_BR_20260424_039_EVIDENCE_AXIS_EXPANSION_OPPORTUNITY_MAP_V1.md,.md,4189,87,8f73dae9dcc6,runtime_branch;common_cause;release_runtime,# OPS_CONALOG_RUNTIME_BRANCH_BR_20260424_039_EVIDENCE_AXIS_EXPANSION_OPPORTUNITY_MAP_V1,# OPS_CONALOG_RUNTIME_BRANCH_BR_20260424_039_EVIDENCE_AXIS_EXPANSION_OPPORTUNITY_MAP_V1 || ## Purpose || ## Decision || ## Priority Map || ## Why These Axes Are Viable || ### 1. `report_entry_friction_axis`,,,,0,13,0,20,1,0,0,0,5
docs/OPS_CONALOG_RUNTIME_BRANCH_BR_20260424_040_REPORT_ENTRY_FRICTION_AXIS_SIDECAR_V1.md,.md,2975,68,37464b84d810,runtime_branch;common_cause;release_runtime,# OPS_CONALOG_RUNTIME_BRANCH_BR_20260424_040_REPORT_ENTRY_FRICTION_AXIS_SIDECAR_V1,# OPS_CONALOG_RUNTIME_BRANCH_BR_20260424_040_REPORT_ENTRY_FRICTION_AXIS_SIDECAR_V1 || ## Purpose || ## Implementation || ## Input Contract || ## What The Axis Explains || ## Actual Check Snapshot,,,,0,2,2,7,0,0,0,0,22
docs/OPS_CONALOG_RUNTIME_BRANCH_BR_20260424_041_RECOVERY_RECURRENCE_AXIS_SIDECAR_V1.md,.md,3394,80,5febf49eaa29,runtime_branch;release_runtime,# OPS_CONALOG_RUNTIME_BRANCH_BR_20260424_041_RECOVERY_RECURRENCE_AXIS_SIDECAR_V1,# OPS_CONALOG_RUNTIME_BRANCH_BR_20260424_041_RECOVERY_RECURRENCE_AXIS_SIDECAR_V1 || ## Purpose || ## Implementation || ## Input Contract || ## What The Axis Explains || ## Actual Check Snapshot,,,,0,3,2,2,0,0,0,0,23
docs/OPS_CONALOG_RUNTIME_BRANCH_BR_20260424_042_EVIDENCE_EXECUTION_ORDER_LOCK_V1.md,.md,1673,50,d7243dca1cc8,runtime_branch;decision_log;common_cause;operator_handoff;release_runtime;evidence_matrix,# OPS_CONALOG_RUNTIME_BRANCH_BR_20260424_042_EVIDENCE_EXECUTION_ORDER_LOCK_V1,# OPS_CONALOG_RUNTIME_BRANCH_BR_20260424_042_EVIDENCE_EXECUTION_ORDER_LOCK_V1 || ## Purpose || ## Current Position || ## Locked Order || ## Why This Order || ## Immediate Next Action,,,,0,10,0,4,2,0,3,0,3
docs/OPS_CONALOG_RUNTIME_BRANCH_BR_20260424_043_EVIDENCE_MANIFEST_PACK_ROOT_V1.md,.md,4309,88,2c12bb7a3c5d,runtime_branch;decision_log;common_cause;release_runtime;evidence_matrix,# OPS_CONALOG_RUNTIME_BRANCH_BR_20260424_043_EVIDENCE_MANIFEST_PACK_ROOT_V1,# OPS_CONALOG_RUNTIME_BRANCH_BR_20260424_043_EVIDENCE_MANIFEST_PACK_ROOT_V1 || ## Purpose || ## Implementation || ## Input Roots || ## What The Manifest Solves || ## Actual Check Snapshot,,,,0,32,2,25,0,0,29,0,41
docs/OPS_CONALOG_RUNTIME_BRANCH_BR_20260424_044_REMAINING_EVIDENCE_ORGANIZATION_GAP_AUDIT_V1.md,.md,3930,89,b7f6c97a7556,runtime_branch;common_cause;release_runtime;evidence_matrix,# OPS_CONALOG_RUNTIME_BRANCH_BR_20260424_044_REMAINING_EVIDENCE_ORGANIZATION_GAP_AUDIT_V1,# OPS_CONALOG_RUNTIME_BRANCH_BR_20260424_044_REMAINING_EVIDENCE_ORGANIZATION_GAP_AUDIT_V1 || ## Purpose || ## What BR-043 Solved || ## Remaining Organization Gaps || ### 1. historical BR temp roots are still docs-only archive || ### 2. current manifest still contains manual-oneoff families,,,,0,13,2,12,0,0,10,0,2
docs/OPS_CONALOG_RUNTIME_BRANCH_BR_20260424_045_REPO_WIDE_ORGANIZATION_INVENTORY_V1.md,.md,2666,68,e9d7af714002,runtime_branch;release_runtime,# OPS_CONALOG_RUNTIME_BRANCH_BR_20260424_045_REPO_WIDE_ORGANIZATION_INVENTORY_V1,# OPS_CONALOG_RUNTIME_BRANCH_BR_20260424_045_REPO_WIDE_ORGANIZATION_INVENTORY_V1 || ## Purpose || ## Implementation || ## Actual Check Snapshot || ## Data Read || ## Why This Matters,,,,0,3,0,3,0,0,0,0,11
docs/OPS_CONALOG_RUNTIME_BRANCH_BR_20260424_046_CONFUSION_REDUCTION_LANE_LOCK_V1.md,.md,1276,32,df6f55c8acf5,runtime_branch;release_runtime;evidence_matrix,# OPS_CONALOG_RUNTIME_BRANCH_BR_20260424_046_CONFUSION_REDUCTION_LANE_LOCK_V1,# OPS_CONALOG_RUNTIME_BRANCH_BR_20260424_046_CONFUSION_REDUCTION_LANE_LOCK_V1 || ## Purpose || ## Clarification || ## Locked Lanes || ## Why This Is Better || ## Decision,,,,0,0,0,0,0,0,0,0,1
docs/OPS_CONALOG_RUNTIME_BRANCH_BR_20260424_047_ROLE_BOUNDARY_MANIFEST_V1.md,.md,2798,84,5b5b3b4c9eca,runtime_branch;release_runtime;evidence_matrix,# OPS_CONALOG_RUNTIME_BRANCH_BR_20260424_047_ROLE_BOUNDARY_MANIFEST_V1,# OPS_CONALOG_RUNTIME_BRANCH_BR_20260424_047_ROLE_BOUNDARY_MANIFEST_V1 || ## Purpose || ## Builder || ## Outputs || ## Schema Lock || ## Real Data Result,,,,1,1,0,2,0,0,8,0,12
docs/OPS_CONALOG_RUNTIME_BRANCH_BR_20260424_048_MIRROR_BOUNDARY_MANIFEST_V1.md,.md,2479,66,de898e27c16c,runtime_branch;release_runtime;evidence_matrix,# OPS_CONALOG_RUNTIME_BRANCH_BR_20260424_048_MIRROR_BOUNDARY_MANIFEST_V1,# OPS_CONALOG_RUNTIME_BRANCH_BR_20260424_048_MIRROR_BOUNDARY_MANIFEST_V1 || ## Purpose || ## Builder || ## Outputs || ## Scope || ## Real Data Result,,,,1,1,0,2,0,0,6,0,10
docs/OPS_CONALOG_RUNTIME_BRANCH_BR_20260424_049_ACTIVE_BUILDER_ENTRYPOINT_REGISTRY_V1.md,.md,2265,52,47c384db2fff,runtime_branch;release_runtime;evidence_matrix,# OPS_CONALOG_RUNTIME_BRANCH_BR_20260424_049_ACTIVE_BUILDER_ENTRYPOINT_REGISTRY_V1,# OPS_CONALOG_RUNTIME_BRANCH_BR_20260424_049_ACTIVE_BUILDER_ENTRYPOINT_REGISTRY_V1 || ## Purpose || ## Builder || ## Outputs || ## Real Data Result || ## Registry Status Counts,,,,0,2,0,2,0,0,0,0,7
docs/OPS_CONALOG_RUNTIME_BRANCH_BR_20260424_050_COMMON_CAUSE_SYNCHRONY_AXIS_SIDECAR_V1.md,.md,4835,100,91f0d2781100,runtime_branch;gate_contract;common_cause;operator_handoff;release_runtime,# OPS_CONALOG_RUNTIME_BRANCH_BR_20260424_050_COMMON_CAUSE_SYNCHRONY_AXIS_SIDECAR_V1,# OPS_CONALOG_RUNTIME_BRANCH_BR_20260424_050_COMMON_CAUSE_SYNCHRONY_AXIS_SIDECAR_V1 || ## Purpose || ## Builder || ## Outputs || ## Bucket Priority || ## Real Data Result,,,,0,3,2,47,2,0,0,1,9
docs/OPS_CONALOG_RUNTIME_BRANCH_BR_20260424_051_CROSS_AXIS_MANIFEST_SYNC_REVIEW_V1.md,.md,5466,94,c578531a34eb,runtime_branch;common_cause;release_runtime;evidence_matrix,# OPS_CONALOG_RUNTIME_BRANCH_BR_20260424_051_CROSS_AXIS_MANIFEST_SYNC_REVIEW_V1,# OPS_CONALOG_RUNTIME_BRANCH_BR_20260424_051_CROSS_AXIS_MANIFEST_SYNC_REVIEW_V1 || ## Purpose || ## Builder || ## Inputs || ## Outputs || ## Real Data Result,,,,0,15,1,32,0,0,32,1,32
docs/OPS_CONALOG_RUNTIME_BRANCH_BR_20260424_052_LOCAL_MORPHOLOGY_EXACT_SEED_SEARCH_V1.md,.md,4373,92,fa89157aff19,runtime_branch;common_cause;gpvs_reference;release_runtime;evidence_matrix,# OPS_CONALOG_RUNTIME_BRANCH_BR_20260424_052_LOCAL_MORPHOLOGY_EXACT_SEED_SEARCH_V1,# OPS_CONALOG_RUNTIME_BRANCH_BR_20260424_052_LOCAL_MORPHOLOGY_EXACT_SEED_SEARCH_V1 || ## Purpose || ## Builder || ## Inputs || ## Outputs || ## Exact Closure Rule,,,,0,3,6,9,0,2,2,1,20
docs/OPS_CONALOG_RUNTIME_BRANCH_BR_20260424_053_PANEL_ENGINE_PATCH_SAFETY_GATE_V1.md,.md,3735,73,68fff75e7ce7,runtime_branch;decision_log;gate_contract;operator_handoff;release_runtime,# OPS_CONALOG_RUNTIME_BRANCH_BR_20260424_053_PANEL_ENGINE_PATCH_SAFETY_GATE_V1,# OPS_CONALOG_RUNTIME_BRANCH_BR_20260424_053_PANEL_ENGINE_PATCH_SAFETY_GATE_V1 || ## Purpose || ## Safety Gate || ## Gate Contract || ## Current Patch Result || ## Smoke Coverage,,,,0,3,0,0,4,0,4,0,8
docs/OPS_CONALOG_RUNTIME_BRANCH_BR_20260424_054_PANEL_ENGINE_PATCH_SAFETY_GATE_TIGHTENING_V1.md,.md,3228,64,b036b340bc34,runtime_branch;gate_contract;release_runtime,# OPS_CONALOG_RUNTIME_BRANCH_BR_20260424_054_PANEL_ENGINE_PATCH_SAFETY_GATE_TIGHTENING_V1,# OPS_CONALOG_RUNTIME_BRANCH_BR_20260424_054_PANEL_ENGINE_PATCH_SAFETY_GATE_TIGHTENING_V1 || ## Purpose || ## Review Findings From BR-053 || ## Tightened Gate Changes || ## Updated Required Gates || ## Smoke Coverage Added,,,,0,8,0,0,3,0,0,0,7
docs/OPS_CONALOG_RUNTIME_BRANCH_BR_20260424_055_NO_REPORT_HEURISTIC_GAP_REVIEW_V1.md,.md,3441,70,c04699351975,runtime_branch;gate_contract;operator_handoff;release_runtime,# OPS_CONALOG_RUNTIME_BRANCH_BR_20260424_055_NO_REPORT_HEURISTIC_GAP_REVIEW_V1,# OPS_CONALOG_RUNTIME_BRANCH_BR_20260424_055_NO_REPORT_HEURISTIC_GAP_REVIEW_V1 || ## Purpose || ## Builder || ## Inputs || ## Outputs || ## Real Data Result,,,,0,3,4,6,7,0,0,0,17
docs/OPS_CONALOG_RUNTIME_BRANCH_BR_20260424_056_NON_FAULT_MORPHOLOGY_OBSERVATION_SIDECAR_V1.md,.md,3579,78,e131ad0a3638,runtime_branch;gate_contract;operator_handoff;release_runtime,# OPS_CONALOG_RUNTIME_BRANCH_BR_20260424_056_NON_FAULT_MORPHOLOGY_OBSERVATION_SIDECAR_V1,# OPS_CONALOG_RUNTIME_BRANCH_BR_20260424_056_NON_FAULT_MORPHOLOGY_OBSERVATION_SIDECAR_V1 || ## Purpose || ## Builder || ## Input || ## Outputs || ## Selection Rule,,,,0,2,0,0,6,0,0,0,13
docs/OPS_CONALOG_RUNTIME_BRANCH_BR_20260424_057_EXACT_FAMILY_CLOSURE_READINESS_REVIEW_V1.md,.md,4576,77,41eeaf16550c,runtime_branch;operator_handoff;release_runtime,# OPS_CONALOG_RUNTIME_BRANCH_BR_20260424_057_EXACT_FAMILY_CLOSURE_READINESS_REVIEW_V1,# OPS_CONALOG_RUNTIME_BRANCH_BR_20260424_057_EXACT_FAMILY_CLOSURE_READINESS_REVIEW_V1 || ## Purpose || ## Builder || ## Inputs || ## Outputs || ## Real Data Result,,,,0,6,0,0,6,0,0,0,20
docs/OPS_CONALOG_RUNTIME_BRANCH_BR_20260424_058_FAULT_FAMILY_REGRESSION_PRESSURE_PACKET_V1.md,.md,3672,69,af4e64c7ba7d,runtime_branch;operator_handoff;release_runtime,# OPS_CONALOG_RUNTIME_BRANCH_BR_20260424_058_FAULT_FAMILY_REGRESSION_PRESSURE_PACKET_V1,# OPS_CONALOG_RUNTIME_BRANCH_BR_20260424_058_FAULT_FAMILY_REGRESSION_PRESSURE_PACKET_V1 || ## Purpose || ## Builder || ## Input || ## Outputs || ## Real Data Result,,,,0,4,1,0,4,0,0,0,12
docs/OPS_CONALOG_RUNTIME_BRANCH_BR_20260424_059_FAULT_FAMILY_REGRESSION_PREPATCH_GATE_V1.md,.md,2726,65,a915c0335200,runtime_branch;gate_contract;common_cause;operator_handoff;release_runtime,# OPS_CONALOG_RUNTIME_BRANCH_BR_20260424_059_FAULT_FAMILY_REGRESSION_PREPATCH_GATE_V1,# OPS_CONALOG_RUNTIME_BRANCH_BR_20260424_059_FAULT_FAMILY_REGRESSION_PREPATCH_GATE_V1 || ## Purpose || ## Gate || ## Input || ## Outputs || ## Required Gate Rules,,,,0,0,1,1,4,0,0,0,11
docs/OPS_CONALOG_RUNTIME_BRANCH_BR_20260424_060_PANEL_ENGINE_ALGORITHM_PREPATCH_RUNBOOK_V1.md,.md,3164,75,e6a6f235ab7e,runtime_branch;gate_contract;operator_handoff;release_runtime,# OPS_CONALOG_RUNTIME_BRANCH_BR_20260424_060_PANEL_ENGINE_ALGORITHM_PREPATCH_RUNBOOK_V1,# OPS_CONALOG_RUNTIME_BRANCH_BR_20260424_060_PANEL_ENGINE_ALGORITHM_PREPATCH_RUNBOOK_V1 || ## Purpose || ## Runbook || ## Inputs || ## Outputs || ## Required Gate Rules,,,,0,1,0,1,5,0,0,0,17
docs/OPS_CONALOG_RUNTIME_BRANCH_BR_20260424_061_RESULT_DELTA_SCORECARD_V1.md,.md,2884,74,19567fd9590f,runtime_branch;gate_contract;performance_audit;common_cause;operator_handoff;release_runtime;evidence_matrix,# OPS_CONALOG_RUNTIME_BRANCH_BR_20260424_061_RESULT_DELTA_SCORECARD_V1,# OPS_CONALOG_RUNTIME_BRANCH_BR_20260424_061_RESULT_DELTA_SCORECARD_V1 || ## Purpose || ## Builder || ## Inputs || ## Outputs || ## Real Data Result,,,,1,0,0,4,3,25,0,0,18
docs/OPS_CONALOG_RUNTIME_BRANCH_BR_20260424_062_RESULT_DELTA_SCORECARD_COMPARE_V1.md,.md,2812,59,95fe4a374ae1,runtime_branch;performance_audit;common_cause;operator_handoff;release_runtime,# OPS_CONALOG_RUNTIME_BRANCH_BR_20260424_062_RESULT_DELTA_SCORECARD_COMPARE_V1,# OPS_CONALOG_RUNTIME_BRANCH_BR_20260424_062_RESULT_DELTA_SCORECARD_COMPARE_V1 || ## Purpose || ## Comparator || ## Inputs || ## Outputs || ## Real Data Result,,,,2,0,0,1,2,32,0,0,17
docs/OPS_CONALOG_RUNTIME_BRANCH_BR_20260424_063_CRITICAL_BOOL_MASK_ENGINE_CLEANUP_V1.md,.md,3271,78,fed82dd2c5d6,runtime_branch;gate_contract;performance_audit;release_runtime,# OPS_CONALOG_RUNTIME_BRANCH_BR_20260424_063_CRITICAL_BOOL_MASK_ENGINE_CLEANUP_V1,# OPS_CONALOG_RUNTIME_BRANCH_BR_20260424_063_CRITICAL_BOOL_MASK_ENGINE_CLEANUP_V1 || ## Purpose || ## Engine Change || ## Safety Review || ## Outputs || ## Expected Result,,,,0,0,0,0,5,9,0,0,16
docs/OPS_CONALOG_RUNTIME_BRANCH_BR_20260424_064_FAULT_FAMILY_JUDGMENT_CANDIDATE_PACKET_V1.md,.md,4600,70,24392ee33c5d,runtime_branch;common_cause;operator_handoff;release_runtime;evidence_matrix,# OPS_CONALOG_RUNTIME_BRANCH_BR_20260424_064_FAULT_FAMILY_JUDGMENT_CANDIDATE_PACKET_V1,# OPS_CONALOG_RUNTIME_BRANCH_BR_20260424_064_FAULT_FAMILY_JUDGMENT_CANDIDATE_PACKET_V1 || ## Purpose || ## Builder || ## Inputs || ## Outputs || ## Real Data Result,,,,0,2,0,7,5,1,4,1,22
docs/OPS_CONALOG_RUNTIME_BRANCH_BR_20260424_065_LOCAL_MORPHOLOGY_FAMILY_SHAPE_REVIEW_V1.md,.md,3976,63,c85cacf387af,runtime_branch;operator_handoff;release_runtime,# OPS_CONALOG_RUNTIME_BRANCH_BR_20260424_065_LOCAL_MORPHOLOGY_FAMILY_SHAPE_REVIEW_V1,# OPS_CONALOG_RUNTIME_BRANCH_BR_20260424_065_LOCAL_MORPHOLOGY_FAMILY_SHAPE_REVIEW_V1 || ## Purpose || ## Builder || ## Inputs || ## Outputs || ## Real Data Result,,,,0,5,0,1,5,0,0,1,15
docs/OPS_CONALOG_RUNTIME_BRANCH_BR_20260424_066_EVIDENCE_HANDOFF_INDEX_V1.md,.md,6374,74,56a6396a8f50,runtime_branch;gate_contract;operator_handoff;release_runtime;evidence_matrix,# OPS_CONALOG_RUNTIME_BRANCH_BR_20260424_066_EVIDENCE_HANDOFF_INDEX_V1,# OPS_CONALOG_RUNTIME_BRANCH_BR_20260424_066_EVIDENCE_HANDOFF_INDEX_V1 || ## Purpose || ## Handoff Verdict || ## Start Here || ## Current Evidence Frontier || ## Immediate Next Work,,,,1,13,0,10,9,5,20,2,27
docs/OPS_CONALOG_RUNTIME_BRANCH_BR_20260424_067_VOLTAGE_DOMINANT_PHYSICAL_VS_ARTIFACT_REVIEW_V1.md,.md,4050,63,81f8d8182b9e,runtime_branch;performance_audit;common_cause;operator_handoff;release_runtime;evidence_matrix;topology_grouping,# OPS_CONALOG_RUNTIME_BRANCH_BR_20260424_067_VOLTAGE_DOMINANT_PHYSICAL_VS_ARTIFACT_REVIEW_V1,# OPS_CONALOG_RUNTIME_BRANCH_BR_20260424_067_VOLTAGE_DOMINANT_PHYSICAL_VS_ARTIFACT_REVIEW_V1 || ## Purpose || ## Builder || ## Inputs || ## Outputs || ## Real Data Result,,,,0,8,0,2,5,2,1,0,32
docs/OPS_CONALOG_RUNTIME_BRANCH_BR_20260424_068_RAW_WAVEFORM_PHYSICAL_SUPPORT_REVIEW_V1.md,.md,4157,68,173aabd2dfa0,runtime_branch;operator_handoff;release_runtime;evidence_matrix;topology_grouping,# OPS_CONALOG_RUNTIME_BRANCH_BR_20260424_068_RAW_WAVEFORM_PHYSICAL_SUPPORT_REVIEW_V1,# OPS_CONALOG_RUNTIME_BRANCH_BR_20260424_068_RAW_WAVEFORM_PHYSICAL_SUPPORT_REVIEW_V1 || ## Purpose || ## Builder || ## Inputs || ## Outputs || ## Real Data Result,,,,0,3,0,1,5,2,0,1,21
docs/OPS_CONALOG_RUNTIME_BRANCH_BR_20260424_069_PHYSICAL_CONFIRMATION_REQUIREMENTS_REVIEW_V1.md,.md,5063,90,489f244ea696,runtime_branch;mlpe_field_trial;release_runtime;evidence_matrix;maintenance_proxy,# OPS_CONALOG_RUNTIME_BRANCH_BR_20260424_069_PHYSICAL_CONFIRMATION_REQUIREMENTS_REVIEW_V1,# OPS_CONALOG_RUNTIME_BRANCH_BR_20260424_069_PHYSICAL_CONFIRMATION_REQUIREMENTS_REVIEW_V1 || ## Purpose || ## Builder || ## Inputs || ## Outputs || ## Confirmation Rule,,,,0,11,0,0,6,2,0,1,19
docs/OPS_CONALOG_RUNTIME_BRANCH_BR_20260424_070_PHYSICAL_EVIDENCE_REQUEST_PACKET_V1.md,.md,4065,80,bd3590d952fa,runtime_branch;performance_audit;operator_handoff;release_runtime;topology_grouping,# OPS_CONALOG_RUNTIME_BRANCH_BR_20260424_070_PHYSICAL_EVIDENCE_REQUEST_PACKET_V1,# OPS_CONALOG_RUNTIME_BRANCH_BR_20260424_070_PHYSICAL_EVIDENCE_REQUEST_PACKET_V1 || ## Purpose || ## Builder || ## Inputs || ## Outputs || ## Real Data Result,,,,2,25,0,0,6,2,0,0,17
docs/OPS_CONALOG_RUNTIME_BRANCH_BR_20260424_071_STRONG_COMMON_CAUSE_BLOCKER_REGRESSION_PACKET_V1.md,.md,3396,60,72d3340f1742,runtime_branch;common_cause;operator_handoff;release_runtime,# OPS_CONALOG_RUNTIME_BRANCH_BR_20260424_071_STRONG_COMMON_CAUSE_BLOCKER_REGRESSION_PACKET_V1,# OPS_CONALOG_RUNTIME_BRANCH_BR_20260424_071_STRONG_COMMON_CAUSE_BLOCKER_REGRESSION_PACKET_V1 || ## Purpose || ## Builder || ## Inputs || ## Outputs || ## Real Data Result,,,,0,5,0,23,6,0,0,0,12
docs/OPS_CONALOG_RUNTIME_BRANCH_BR_20260424_072_COMMON_CAUSE_EXACT_SEED_SEARCH_V1.md,.md,5359,79,8471860d3313,runtime_branch;common_cause;release_runtime;evidence_matrix,# OPS_CONALOG_RUNTIME_BRANCH_BR_20260424_072_COMMON_CAUSE_EXACT_SEED_SEARCH_V1,# OPS_CONALOG_RUNTIME_BRANCH_BR_20260424_072_COMMON_CAUSE_EXACT_SEED_SEARCH_V1 || ## Purpose || ## Builder || ## Inputs || ## Outputs || ## Real Data Result,,,,0,0,6,33,6,0,0,0,32
docs/OPS_CONALOG_RUNTIME_BRANCH_BR_20260424_073_COMMON_CAUSE_STRUCTURAL_BLOCKER_REVIEW_V1.md,.md,4080,77,120a91437a8f,runtime_branch;common_cause;operator_handoff;release_runtime,# OPS_CONALOG_RUNTIME_BRANCH_BR_20260424_073_COMMON_CAUSE_STRUCTURAL_BLOCKER_REVIEW_V1,# OPS_CONALOG_RUNTIME_BRANCH_BR_20260424_073_COMMON_CAUSE_STRUCTURAL_BLOCKER_REVIEW_V1 || ## Purpose || ## Builder || ## Inputs || ## Outputs || ## Real Data Result,,,,0,1,0,24,8,0,0,0,14
docs/OPS_CONALOG_RUNTIME_BRANCH_BR_20260424_074_COMMON_CAUSE_MANUAL_TRACE_REVIEW_V1.md,.md,4618,69,777fe23c0293,runtime_branch;common_cause;operator_handoff;release_runtime;topology_grouping,# OPS_CONALOG_RUNTIME_BRANCH_BR_20260424_074_COMMON_CAUSE_MANUAL_TRACE_REVIEW_V1,# OPS_CONALOG_RUNTIME_BRANCH_BR_20260424_074_COMMON_CAUSE_MANUAL_TRACE_REVIEW_V1 || ## Purpose || ## Builder || ## Inputs || ## Outputs || ## Real Data Result,,,,0,5,6,27,5,2,0,0,25
docs/OPS_CONALOG_RUNTIME_BRANCH_BR_20260424_075_COMMON_CAUSE_SEMANTIC_PREPATCH_GATE_V1.md,.md,4731,81,590ba0ae0a38,runtime_branch;gate_contract;common_cause;release_runtime,# OPS_CONALOG_RUNTIME_BRANCH_BR_20260424_075_COMMON_CAUSE_SEMANTIC_PREPATCH_GATE_V1,# OPS_CONALOG_RUNTIME_BRANCH_BR_20260424_075_COMMON_CAUSE_SEMANTIC_PREPATCH_GATE_V1 || ## Purpose || ## Gate || ## Inputs || ## Outputs || ## Real Data Result,,,,0,7,0,41,3,0,0,0,24
docs/OPS_CONALOG_RUNTIME_BRANCH_BR_20260424_076_ALGORITHM_PREPATCH_RUNBOOK_COMMON_CAUSE_GATE_V1.md,.md,4545,71,8beea3e3ff86,runtime_branch;gate_contract;common_cause;release_runtime,# OPS_CONALOG_RUNTIME_BRANCH_BR_20260424_076_ALGORITHM_PREPATCH_RUNBOOK_COMMON_CAUSE_GATE_V1,# OPS_CONALOG_RUNTIME_BRANCH_BR_20260424_076_ALGORITHM_PREPATCH_RUNBOOK_COMMON_CAUSE_GATE_V1 || ## Purpose || ## Changed Runbook || ## New Inputs Added To Runbook || ## Outputs || ## Real Data Result,,,,0,2,0,34,5,0,0,0,22
docs/OPS_CONALOG_RUNTIME_BRANCH_BR_20260424_077_PROJECT_COMPLETION_CHECKPOINT_V1.md,.md,6955,95,dab7eacac956,runtime_branch;gate_contract;performance_audit;operator_handoff;release_runtime;evidence_matrix,# OPS_CONALOG_RUNTIME_BRANCH_BR_20260424_077_PROJECT_COMPLETION_CHECKPOINT_V1,# OPS_CONALOG_RUNTIME_BRANCH_BR_20260424_077_PROJECT_COMPLETION_CHECKPOINT_V1 || ## Purpose || ## Why This Checkpoint Exists || ## Current Worktree Boundary || ## What Has Been Read And Locked || ## Open Blind Spots,,,,3,19,0,9,4,12,12,5,6
docs/OPS_CONALOG_RUNTIME_BRANCH_BR_20260425_078_LATEST_EVIDENCE_HANDOFF_MANIFEST_V1.md,.md,4564,82,450553726b5b,runtime_branch;gate_contract;common_cause;operator_handoff;release_runtime;evidence_matrix,# OPS_CONALOG_RUNTIME_BRANCH_BR_20260425_078_LATEST_EVIDENCE_HANDOFF_MANIFEST_V1,# OPS_CONALOG_RUNTIME_BRANCH_BR_20260425_078_LATEST_EVIDENCE_HANDOFF_MANIFEST_V1 || ## Purpose || ## Implementation || ## Outputs || ## Manifest Scope || ## Real Data Result,,,,0,26,0,6,6,1,46,0,19
docs/OPS_CONALOG_RUNTIME_BRANCH_BR_20260425_079_ALGORITHM_EVOLUTION_MAP_V1.md,.md,4845,83,a1f96ebd3992,runtime_branch;project_eval;operator_handoff;release_runtime,# OPS_CONALOG_RUNTIME_BRANCH_BR_20260425_079_ALGORITHM_EVOLUTION_MAP_V1,# OPS_CONALOG_RUNTIME_BRANCH_BR_20260425_079_ALGORITHM_EVOLUTION_MAP_V1 || ## Purpose || ## Implementation || ## Outputs || ## Real Result || ## Algorithm Read,,,,8,8,0,10,14,2,0,3,16
docs/OPS_CONALOG_RUNTIME_BRANCH_BR_20260425_080_SUBTYPE_TRUTH_EXPANSION_BACKLOG_V1.md,.md,5427,90,8d5dccd3135e,runtime_branch;common_cause;operator_handoff;release_runtime,# OPS_CONALOG_RUNTIME_BRANCH_BR_20260425_080_SUBTYPE_TRUTH_EXPANSION_BACKLOG_V1,# OPS_CONALOG_RUNTIME_BRANCH_BR_20260425_080_SUBTYPE_TRUTH_EXPANSION_BACKLOG_V1 || ## Purpose || ## Implementation || ## Inputs || ## Outputs || ## Real Result,,,,31,3,0,10,10,0,0,2,28
docs/OPS_CONALOG_RUNTIME_BRANCH_BR_20260425_081_EPISODE_TRUTH_MAP_V1.md,.md,5895,93,8ad9b8ae3abd,runtime_branch;common_cause;operator_handoff;release_runtime,# OPS_CONALOG_RUNTIME_BRANCH_BR_20260425_081_EPISODE_TRUTH_MAP_V1,# OPS_CONALOG_RUNTIME_BRANCH_BR_20260425_081_EPISODE_TRUTH_MAP_V1 || ## Purpose || ## Implementation || ## Inputs || ## Outputs || ## Real Result,,,,39,2,0,12,8,0,0,2,21
docs/OPS_CONALOG_RUNTIME_BRANCH_BR_20260425_082_EPISODE_TRUTH_REVIEW_PACKET_V1.md,.md,4609,82,c2a8023ed60c,runtime_branch;truth_review;operator_handoff;release_runtime,# OPS_CONALOG_RUNTIME_BRANCH_BR_20260425_082_EPISODE_TRUTH_REVIEW_PACKET_V1,# OPS_CONALOG_RUNTIME_BRANCH_BR_20260425_082_EPISODE_TRUTH_REVIEW_PACKET_V1 || ## Purpose || ## Implementation || ## Inputs || ## Outputs || ## Real Result,,,,30,4,0,3,9,0,0,2,16
docs/OPS_CONALOG_RUNTIME_BRANCH_BR_20260425_083_DIRECTION_ASSUMPTION_AUDIT_V1.md,.md,4954,89,493568aca6a7,runtime_branch;truth_review;common_cause;operator_handoff;release_runtime,# OPS_CONALOG_RUNTIME_BRANCH_BR_20260425_083_DIRECTION_ASSUMPTION_AUDIT_V1,# OPS_CONALOG_RUNTIME_BRANCH_BR_20260425_083_DIRECTION_ASSUMPTION_AUDIT_V1 || ## Purpose || ## Implementation || ## Inputs || ## Outputs || ## Real Result,,,,16,1,0,4,10,0,0,2,24
docs/OPS_CONALOG_RUNTIME_BRANCH_BR_20260425_084_REVIEWED_EPISODE_TRUTH_ROWS_V1.md,.md,4420,83,1b402f1cf0b5,runtime_branch;truth_review;operator_handoff;release_runtime,# OPS_CONALOG_RUNTIME_BRANCH_BR_20260425_084_REVIEWED_EPISODE_TRUTH_ROWS_V1,# OPS_CONALOG_RUNTIME_BRANCH_BR_20260425_084_REVIEWED_EPISODE_TRUTH_ROWS_V1 || ## Purpose || ## Implementation || ## Inputs || ## Outputs || ## Real Result,,,,31,13,0,2,9,0,0,4,18
docs/OPS_CONALOG_RUNTIME_BRANCH_BR_20260425_085_EPISODE_TRUTH_EVIDENCE_ATTACHMENT_V1.md,.md,4843,88,542343491e6d,runtime_branch;truth_review;operator_handoff;release_runtime,# OPS_CONALOG_RUNTIME_BRANCH_BR_20260425_085_EPISODE_TRUTH_EVIDENCE_ATTACHMENT_V1,# OPS_CONALOG_RUNTIME_BRANCH_BR_20260425_085_EPISODE_TRUTH_EVIDENCE_ATTACHMENT_V1 || ## Purpose || ## Implementation || ## Inputs || ## Outputs || ## Real Result,,,,31,36,0,1,7,1,0,3,19
docs/OPS_CONALOG_RUNTIME_BRANCH_BR_20260425_086_EPISODE_TRUTH_SOURCE_TRACE_AUDIT_V1.md,.md,5125,91,a7779cfc09ac,runtime_branch;truth_review;operator_handoff;release_runtime;evidence_matrix,# OPS_CONALOG_RUNTIME_BRANCH_BR_20260425_086_EPISODE_TRUTH_SOURCE_TRACE_AUDIT_V1,# OPS_CONALOG_RUNTIME_BRANCH_BR_20260425_086_EPISODE_TRUTH_SOURCE_TRACE_AUDIT_V1 || ## Purpose || ## Implementation || ## Inputs || ## Outputs || ## Real Result,,,,25,10,0,1,7,0,0,2,23
docs/OPS_CONALOG_RUNTIME_BRANCH_BR_20260425_087_EPISODE_TRUTH_ADJUDICATION_WORKSHEET_V1.md,.md,6295,102,180bce01080f,runtime_branch;truth_review;operator_handoff;release_runtime,# OPS_CONALOG_RUNTIME_BRANCH_BR_20260425_087_EPISODE_TRUTH_ADJUDICATION_WORKSHEET_V1,# OPS_CONALOG_RUNTIME_BRANCH_BR_20260425_087_EPISODE_TRUTH_ADJUDICATION_WORKSHEET_V1 || ## Purpose || ## Implementation || ## Inputs || ## Outputs || ## Real Result,,,,38,11,0,4,10,0,0,2,25
docs/OPS_CONALOG_RUNTIME_BRANCH_BR_20260425_088_EPISODE_TRUTH_CONSERVATIVE_ADJUDICATION_V1.md,.md,7342,114,1b1b3c0b3db4,runtime_branch;truth_review;common_cause;operator_handoff;release_runtime,# OPS_CONALOG_RUNTIME_BRANCH_BR_20260425_088_EPISODE_TRUTH_CONSERVATIVE_ADJUDICATION_V1,# OPS_CONALOG_RUNTIME_BRANCH_BR_20260425_088_EPISODE_TRUTH_CONSERVATIVE_ADJUDICATION_V1 || ## Purpose || ## Implementation || ## Inputs || ## Outputs || ## Conservative Fill Criteria,,,,39,5,0,5,10,0,0,3,33
docs/OPS_CONALOG_RUNTIME_BRANCH_BR_20260425_089_EPISODE_TRUTH_DURABLE_SHAPE_REVIEW_V1.md,.md,9728,137,be6d6b6f7000,runtime_branch;truth_review;common_cause;operator_handoff;release_runtime,# OPS_CONALOG_RUNTIME_BRANCH_BR_20260425_089_EPISODE_TRUTH_DURABLE_SHAPE_REVIEW_V1,# OPS_CONALOG_RUNTIME_BRANCH_BR_20260425_089_EPISODE_TRUTH_DURABLE_SHAPE_REVIEW_V1 || ## Purpose || ## Implementation || ## Inputs || ## Outputs || ## Positive Fill Criteria,,,,45,13,0,10,12,0,0,2,37
docs/OPS_CONALOG_RUNTIME_BRANCH_BR_20260425_090_SUBTYPE_THRESHOLD_REPLAY_PILOT_V1.md,.md,6137,96,86c85c8cd769,runtime_branch;performance_audit;operator_handoff;release_runtime,# OPS_CONALOG_RUNTIME_BRANCH_BR_20260425_090_SUBTYPE_THRESHOLD_REPLAY_PILOT_V1,# OPS_CONALOG_RUNTIME_BRANCH_BR_20260425_090_SUBTYPE_THRESHOLD_REPLAY_PILOT_V1 || ## Purpose || ## Implementation || ## Inputs || ## Outputs || ## Real Result,,,,16,5,0,1,8,1,0,2,19
docs/OPS_CONALOG_RUNTIME_BRANCH_BR_20260425_091_DURABLE_HOLD_RAW_SHAPE_REVIEW_V1.md,.md,5741,95,62b496b06255,runtime_branch;operator_handoff;release_runtime,# OPS_CONALOG_RUNTIME_BRANCH_BR_20260425_091_DURABLE_HOLD_RAW_SHAPE_REVIEW_V1,# OPS_CONALOG_RUNTIME_BRANCH_BR_20260425_091_DURABLE_HOLD_RAW_SHAPE_REVIEW_V1 || ## Purpose || ## Implementation || ## Inputs || ## Outputs || ## Real Result,,,,9,4,0,2,8,0,0,2,18
docs/OPS_CONALOG_RUNTIME_BRANCH_BR_20260425_092_VOLTAGE_PRESERVED_POSITIVE_SEARCH_V1.md,.md,7169,110,6cb924901a45,runtime_branch;operator_handoff;release_runtime,# OPS_CONALOG_RUNTIME_BRANCH_BR_20260425_092_VOLTAGE_PRESERVED_POSITIVE_SEARCH_V1,# OPS_CONALOG_RUNTIME_BRANCH_BR_20260425_092_VOLTAGE_PRESERVED_POSITIVE_SEARCH_V1 || ## Purpose || ## Implementation || ## Inputs || ## Outputs || ## Real Result,,,,18,4,0,3,8,3,0,2,20
docs/OPS_CONALOG_RUNTIME_BRANCH_BR_20260425_093_VOLTAGE_PRESERVED_CONFIRMATION_PACKET_V1.md,.md,6027,96,9b1305512a28,runtime_branch;operator_handoff;release_runtime,# OPS_CONALOG_RUNTIME_BRANCH_BR_20260425_093_VOLTAGE_PRESERVED_CONFIRMATION_PACKET_V1,# OPS_CONALOG_RUNTIME_BRANCH_BR_20260425_093_VOLTAGE_PRESERVED_CONFIRMATION_PACKET_V1 || ## Purpose || ## Implementation || ## Inputs || ## Outputs || ## Real Result,,,,10,1,0,5,8,3,0,2,17
docs/OPS_CONALOG_RUNTIME_BRANCH_BR_20260425_094_RUNTIME_WORKSPACE_RETENTION_V1.md,.md,4180,87,7f49899f1a8d,runtime_branch;operator_handoff;release_runtime;evidence_matrix,# OPS_CONALOG_RUNTIME_BRANCH_BR_20260425_094_RUNTIME_WORKSPACE_RETENTION_V1,# OPS_CONALOG_RUNTIME_BRANCH_BR_20260425_094_RUNTIME_WORKSPACE_RETENTION_V1 || ## Purpose || ## Problem || ## Implementation || ## `result-only` Retention Contract || ## Real Result,,,,1,0,3,8,2,0,1,0,31
docs/OPS_CONALOG_RUNTIME_BRANCH_BR_20260425_095_VOLTAGE_PRESERVED_EVIDENCE_REQUEST_PACKET_V1.md,.md,6288,103,7ce10366f734,runtime_branch;operator_handoff;release_runtime,# OPS_CONALOG_RUNTIME_BRANCH_BR_20260425_095_VOLTAGE_PRESERVED_EVIDENCE_REQUEST_PACKET_V1,# OPS_CONALOG_RUNTIME_BRANCH_BR_20260425_095_VOLTAGE_PRESERVED_EVIDENCE_REQUEST_PACKET_V1 || ## Purpose || ## Implementation || ## Inputs || ## Outputs || ## Real Result,,,,11,36,0,6,8,0,0,2,22
docs/OPS_CONALOG_RUNTIME_BRANCH_BR_20260425_096_VOLTAGE_PRESERVED_RAW_SOURCE_ATTACHMENT_V1.md,.md,6688,103,e21cff61636d,runtime_branch;operator_handoff;release_runtime;maintenance_proxy,# OPS_CONALOG_RUNTIME_BRANCH_BR_20260425_096_VOLTAGE_PRESERVED_RAW_SOURCE_ATTACHMENT_V1,# OPS_CONALOG_RUNTIME_BRANCH_BR_20260425_096_VOLTAGE_PRESERVED_RAW_SOURCE_ATTACHMENT_V1 || ## Purpose || ## Implementation || ## Inputs || ## Outputs || ## Real Result,,,,7,16,0,6,8,0,0,2,31
docs/OPS_CONALOG_RUNTIME_BRANCH_BR_20260425_097_VOLTAGE_PRESERVED_CONFIRMATION_GAP_REVIEW_V1.md,.md,7556,119,6cadb404d047,runtime_branch;common_cause;operator_handoff;release_runtime;evidence_matrix;maintenance_proxy,# OPS_CONALOG_RUNTIME_BRANCH_BR_20260425_097_VOLTAGE_PRESERVED_CONFIRMATION_GAP_REVIEW_V1,# OPS_CONALOG_RUNTIME_BRANCH_BR_20260425_097_VOLTAGE_PRESERVED_CONFIRMATION_GAP_REVIEW_V1 || ## Purpose || ## Implementation || ## Inputs || ## Outputs || ## Real Result,,,,12,10,0,6,8,0,0,2,27
docs/OPS_CONALOG_RUNTIME_BRANCH_BR_20260425_098_VOLTAGE_PRESERVED_INDEPENDENT_CONFIRMATION_ATTACHMENT_V1.md,.md,8256,133,aad0fc8e676c,runtime_branch;gate_contract;common_cause;operator_handoff;release_runtime;evidence_matrix;maintenance_proxy,# OPS_CONALOG_RUNTIME_BRANCH_BR_20260425_098_VOLTAGE_PRESERVED_INDEPENDENT_CONFIRMATION_ATTACHMENT_V1,# OPS_CONALOG_RUNTIME_BRANCH_BR_20260425_098_VOLTAGE_PRESERVED_INDEPENDENT_CONFIRMATION_ATTACHMENT_V1 || ## Purpose || ## Implementation || ## Inputs || ## Outputs || ## Real Result,,,,11,16,0,5,10,0,0,2,32
docs/OPS_CONALOG_RUNTIME_BRANCH_BR_20260425_099_VOLTAGE_PRESERVED_TRUTH_ACQUISITION_QUEUE_V1.md,.md,6078,103,6018a3cf379f,runtime_branch;gate_contract;operator_handoff;release_runtime,# OPS_CONALOG_RUNTIME_BRANCH_BR_20260425_099_VOLTAGE_PRESERVED_TRUTH_ACQUISITION_QUEUE_V1,# OPS_CONALOG_RUNTIME_BRANCH_BR_20260425_099_VOLTAGE_PRESERVED_TRUTH_ACQUISITION_QUEUE_V1 || ## Purpose || ## Implementation || ## Inputs || ## Outputs || ## Real Result,,,,32,10,0,6,8,0,0,2,22
docs/OPS_CONALOG_RUNTIME_BRANCH_BR_20260425_100_UNLABELED_FAULT_CANDIDATE_FRONTIER_V1.md,.md,5363,96,0f16c0c11946,runtime_branch;common_cause;operator_handoff;release_runtime,# OPS_CONALOG_RUNTIME_BRANCH_BR_20260425_100_UNLABELED_FAULT_CANDIDATE_FRONTIER_V1,# OPS_CONALOG_RUNTIME_BRANCH_BR_20260425_100_UNLABELED_FAULT_CANDIDATE_FRONTIER_V1 || ## Purpose || ## Implementation || ## Input || ## Outputs || ## Real Result,,,,5,2,0,13,4,0,0,1,16
docs/OPS_CONALOG_RUNTIME_BRANCH_BR_20260425_101_MLPE_FIELD_TRIAL_FAULT_TAXONOMY_V1.md,.md,9054,125,2a596f2b696d,runtime_branch;mlpe_field_trial;common_cause;operator_handoff;release_runtime;evidence_matrix,# OPS_CONALOG_RUNTIME_BRANCH_BR_20260425_101_MLPE_FIELD_TRIAL_FAULT_TAXONOMY_V1,# OPS_CONALOG_RUNTIME_BRANCH_BR_20260425_101_MLPE_FIELD_TRIAL_FAULT_TAXONOMY_V1 || ## Purpose || ## Decision || ## Required Top-Level Families || ## Required Subtype Examples || ## Required Label Fields,,,,3,6,18,18,3,0,0,0,11
docs/OPS_CONALOG_RUNTIME_BRANCH_BR_20260425_102_MLPE_FIELD_TRIAL_CAPTURE_SCHEMA_V1.md,.md,4478,93,f857d0bf070f,runtime_branch;mlpe_field_trial;operator_handoff;release_runtime,# OPS_CONALOG_RUNTIME_BRANCH_BR_20260425_102_MLPE_FIELD_TRIAL_CAPTURE_SCHEMA_V1,# OPS_CONALOG_RUNTIME_BRANCH_BR_20260425_102_MLPE_FIELD_TRIAL_CAPTURE_SCHEMA_V1 || ## Purpose || ## Implementation || ## Outputs || ## Real Result || ## Template Coverage,,,,5,1,23,4,5,0,0,1,19
docs/OPS_CONALOG_RUNTIME_BRANCH_BR_20260425_103_MLPE_FIELD_TRIAL_CAPTURE_READINESS_V1.md,.md,4146,82,f4dc7b5a8cd6,runtime_branch;mlpe_field_trial;operator_handoff;release_runtime,# OPS_CONALOG_RUNTIME_BRANCH_BR_20260425_103_MLPE_FIELD_TRIAL_CAPTURE_READINESS_V1,# OPS_CONALOG_RUNTIME_BRANCH_BR_20260425_103_MLPE_FIELD_TRIAL_CAPTURE_READINESS_V1 || ## Purpose || ## Implementation || ## Input || ## Outputs || ## Real Result,,,,8,14,24,1,4,0,0,1,17
docs/OPS_CONALOG_RUNTIME_BRANCH_BR_20260425_104_MLPE_FIELD_TRIAL_OPERATOR_INTAKE_GUIDE_V1.md,.md,4109,81,86903a2944f3,runtime_branch;mlpe_field_trial;operator_handoff;release_runtime,# OPS_CONALOG_RUNTIME_BRANCH_BR_20260425_104_MLPE_FIELD_TRIAL_OPERATOR_INTAKE_GUIDE_V1,# OPS_CONALOG_RUNTIME_BRANCH_BR_20260425_104_MLPE_FIELD_TRIAL_OPERATOR_INTAKE_GUIDE_V1 || ## Purpose || ## Implementation || ## Inputs || ## Outputs || ## Real Result,,,,7,1,28,2,7,0,0,1,20
docs/OPS_CONALOG_RUNTIME_BRANCH_BR_20260425_105_MLPE_FIELD_TRIAL_PACKAGE_MANIFEST_V1.md,.md,3470,78,3cf22b1ad0e5,runtime_branch;gate_contract;mlpe_field_trial;operator_handoff;release_runtime;evidence_matrix,# OPS_CONALOG_RUNTIME_BRANCH_BR_20260425_105_MLPE_FIELD_TRIAL_PACKAGE_MANIFEST_V1,# OPS_CONALOG_RUNTIME_BRANCH_BR_20260425_105_MLPE_FIELD_TRIAL_PACKAGE_MANIFEST_V1 || ## Purpose || ## Implementation || ## Inputs || ## Outputs || ## Real Result,,,,5,2,24,1,6,0,22,1,23
docs/OPS_CONALOG_RUNTIME_BRANCH_BR_20260425_106_MLPE_FIELD_TRIAL_ADJUDICATION_HANDOFF_GUARD_V1.md,.md,3520,72,2ded67d6c7a8,runtime_branch;mlpe_field_trial;operator_handoff;release_runtime;evidence_matrix,# OPS_CONALOG_RUNTIME_BRANCH_BR_20260425_106_MLPE_FIELD_TRIAL_ADJUDICATION_HANDOFF_GUARD_V1,# OPS_CONALOG_RUNTIME_BRANCH_BR_20260425_106_MLPE_FIELD_TRIAL_ADJUDICATION_HANDOFF_GUARD_V1 || ## Purpose || ## Implementation || ## Inputs || ## Outputs || ## Real Result,,,,6,1,25,1,6,0,31,1,19
docs/OPS_CONALOG_RUNTIME_BRANCH_BR_20260425_107_MLPE_FIELD_TRIAL_FILLED_CAPTURE_FIXTURE_V1.md,.md,4826,72,48951e3d61e0,runtime_branch;gate_contract;mlpe_field_trial;operator_handoff;release_runtime;evidence_matrix,# OPS_CONALOG_RUNTIME_BRANCH_BR_20260425_107_MLPE_FIELD_TRIAL_FILLED_CAPTURE_FIXTURE_V1,# OPS_CONALOG_RUNTIME_BRANCH_BR_20260425_107_MLPE_FIELD_TRIAL_FILLED_CAPTURE_FIXTURE_V1 || ## Purpose || ## Implementation || ## Outputs || ## Real Result || ## Interpretation,,,,8,5,37,4,6,0,13,1,32
docs/OPS_CONALOG_RUNTIME_BRANCH_BR_20260425_108_MLPE_FIELD_TRIAL_PARTIAL_CAPTURE_FAILURE_MATRIX_V1.md,.md,3559,76,dc1b16dead06,runtime_branch;gate_contract;mlpe_field_trial;operator_handoff;release_runtime,# OPS_CONALOG_RUNTIME_BRANCH_BR_20260425_108_MLPE_FIELD_TRIAL_PARTIAL_CAPTURE_FAILURE_MATRIX_V1,# OPS_CONALOG_RUNTIME_BRANCH_BR_20260425_108_MLPE_FIELD_TRIAL_PARTIAL_CAPTURE_FAILURE_MATRIX_V1 || ## Purpose || ## Implementation || ## Outputs || ## Real Result || ## Interpretation,,,,12,4,18,1,6,0,3,1,13
docs/OPS_CONALOG_RUNTIME_BRANCH_BR_20260425_109_MLPE_FIELD_TRIAL_PRE_ADJUDICATION_DRY_RUN_GATE_V1.md,.md,3373,74,bf43e3d442e8,runtime_branch;gate_contract;mlpe_field_trial;operator_handoff;release_runtime,# OPS_CONALOG_RUNTIME_BRANCH_BR_20260425_109_MLPE_FIELD_TRIAL_PRE_ADJUDICATION_DRY_RUN_GATE_V1,# OPS_CONALOG_RUNTIME_BRANCH_BR_20260425_109_MLPE_FIELD_TRIAL_PRE_ADJUDICATION_DRY_RUN_GATE_V1 || ## Purpose || ## Implementation || ## Inputs || ## Outputs || ## Real Result,,,,7,0,20,3,6,0,3,1,14
docs/OPS_CONALOG_RUNTIME_BRANCH_BR_20260425_110_MLPE_FIELD_TRIAL_REAL_CAPTURE_INTAKE_WATCHLIST_V1.md,.md,3815,71,5e2eae78f73f,runtime_branch;gate_contract;mlpe_field_trial;operator_handoff;release_runtime,# OPS_CONALOG_RUNTIME_BRANCH_BR_20260425_110_MLPE_FIELD_TRIAL_REAL_CAPTURE_INTAKE_WATCHLIST_V1,# OPS_CONALOG_RUNTIME_BRANCH_BR_20260425_110_MLPE_FIELD_TRIAL_REAL_CAPTURE_INTAKE_WATCHLIST_V1 || ## Purpose || ## Implementation || ## Inputs || ## Outputs || ## Real Result,,,,6,2,28,1,6,0,8,1,22
docs/OPS_CONALOG_RUNTIME_BRANCH_BR_20260425_111_MLPE_FIELD_TRIAL_CAPTURE_RETURN_VALIDATOR_V1.md,.md,4335,90,aa6620e573d9,runtime_branch;mlpe_field_trial;operator_handoff;release_runtime,# OPS_CONALOG_RUNTIME_BRANCH_BR_20260425_111_MLPE_FIELD_TRIAL_CAPTURE_RETURN_VALIDATOR_V1,# OPS_CONALOG_RUNTIME_BRANCH_BR_20260425_111_MLPE_FIELD_TRIAL_CAPTURE_RETURN_VALIDATOR_V1 || ## Purpose || ## Implementation || ## Inputs || ## Outputs || ## Real Result,,,,7,3,24,1,6,0,3,1,19
docs/OPS_CONALOG_RUNTIME_BRANCH_BR_20260425_112_MLPE_FIELD_TRIAL_CAPTURE_RETURN_EVIDENCE_RESOLVER_V1.md,.md,4408,96,8223b58214de,runtime_branch;mlpe_field_trial;operator_handoff;release_runtime,# OPS_CONALOG_RUNTIME_BRANCH_BR_20260425_112_MLPE_FIELD_TRIAL_CAPTURE_RETURN_EVIDENCE_RESOLVER_V1,# OPS_CONALOG_RUNTIME_BRANCH_BR_20260425_112_MLPE_FIELD_TRIAL_CAPTURE_RETURN_EVIDENCE_RESOLVER_V1 || ## Purpose || ## Implementation || ## Inputs || ## Outputs || ## Real Result,,,,5,36,24,1,6,0,1,1,18
docs/OPS_CONALOG_RUNTIME_BRANCH_BR_20260425_113_MLPE_FIELD_TRIAL_CAPTURE_RETURN_RERUN_PREFLIGHT_V1.md,.md,4094,82,f44d9b6b2419,runtime_branch;gate_contract;mlpe_field_trial;operator_handoff;release_runtime,# OPS_CONALOG_RUNTIME_BRANCH_BR_20260425_113_MLPE_FIELD_TRIAL_CAPTURE_RETURN_RERUN_PREFLIGHT_V1,# OPS_CONALOG_RUNTIME_BRANCH_BR_20260425_113_MLPE_FIELD_TRIAL_CAPTURE_RETURN_RERUN_PREFLIGHT_V1 || ## Purpose || ## Implementation || ## Inputs || ## Outputs || ## Real Result,,,,5,11,24,1,7,0,4,1,18
docs/OPS_CONALOG_RUNTIME_BRANCH_BR_20260425_114_MLPE_FIELD_TRIAL_RETURNED_CAPTURE_ADJUDICATION_PACKET_V1.md,.md,3820,77,9574ffefb19f,runtime_branch;mlpe_field_trial;operator_handoff;release_runtime,# OPS_CONALOG_RUNTIME_BRANCH_BR_20260425_114_MLPE_FIELD_TRIAL_RETURNED_CAPTURE_ADJUDICATION_PACKET_V1,# OPS_CONALOG_RUNTIME_BRANCH_BR_20260425_114_MLPE_FIELD_TRIAL_RETURNED_CAPTURE_ADJUDICATION_PACKET_V1 || ## Purpose || ## Implementation || ## Inputs || ## Outputs || ## Real Result,,,,6,2,22,1,9,0,1,1,16
docs/OPS_CONALOG_RUNTIME_BRANCH_BR_20260425_115_MLPE_FIELD_TRIAL_FINAL_LABEL_INTAKE_SCHEMA_V1.md,.md,3620,77,f9d516488b4b,runtime_branch;mlpe_field_trial;operator_handoff;release_runtime,# OPS_CONALOG_RUNTIME_BRANCH_BR_20260425_115_MLPE_FIELD_TRIAL_FINAL_LABEL_INTAKE_SCHEMA_V1,# OPS_CONALOG_RUNTIME_BRANCH_BR_20260425_115_MLPE_FIELD_TRIAL_FINAL_LABEL_INTAKE_SCHEMA_V1 || ## Purpose || ## Implementation || ## Inputs || ## Outputs || ## Real Result,,,,9,0,24,1,7,0,0,1,18
docs/OPS_CONALOG_RUNTIME_BRANCH_BR_20260425_116_MLPE_FIELD_TRIAL_FINAL_LABEL_VALIDATOR_V1.md,.md,4392,87,7f896b1497ab,runtime_branch;gate_contract;mlpe_field_trial;operator_handoff;release_runtime,# OPS_CONALOG_RUNTIME_BRANCH_BR_20260425_116_MLPE_FIELD_TRIAL_FINAL_LABEL_VALIDATOR_V1,# OPS_CONALOG_RUNTIME_BRANCH_BR_20260425_116_MLPE_FIELD_TRIAL_FINAL_LABEL_VALIDATOR_V1 || ## Purpose || ## Implementation || ## Inputs || ## Outputs || ## Real Result,,,,14,0,30,1,8,0,0,1,25
docs/OPS_CONALOG_RUNTIME_BRANCH_BR_20260425_117_MLPE_FIELD_TRIAL_LABEL_TO_TRUTH_GATE_V1.md,.md,4136,91,ab273dde81ac,runtime_branch;gate_contract;mlpe_field_trial;common_cause;operator_handoff;release_runtime;evidence_matrix,# OPS_CONALOG_RUNTIME_BRANCH_BR_20260425_117_MLPE_FIELD_TRIAL_LABEL_TO_TRUTH_GATE_V1,# OPS_CONALOG_RUNTIME_BRANCH_BR_20260425_117_MLPE_FIELD_TRIAL_LABEL_TO_TRUTH_GATE_V1 || ## Purpose || ## Implementation || ## Inputs || ## Outputs || ## Real Result,,,,39,0,24,4,6,0,0,1,22
docs/OPS_CONALOG_RUNTIME_BRANCH_BR_20260425_118_MLPE_FIELD_TRIAL_TRUTH_GATE_FIXTURE_MATRIX_V1.md,.md,4599,86,e3f862390edb,runtime_branch;gate_contract;mlpe_field_trial;truth_review;common_cause;operator_handoff;release_runtime;evidence_matrix,# OPS_CONALOG_RUNTIME_BRANCH_BR_20260425_118_MLPE_FIELD_TRIAL_TRUTH_GATE_FIXTURE_MATRIX_V1,# OPS_CONALOG_RUNTIME_BRANCH_BR_20260425_118_MLPE_FIELD_TRIAL_TRUTH_GATE_FIXTURE_MATRIX_V1 || ## Purpose || ## Implementation || ## Outputs || ## Fixture Result || ## Fixture Groups,,,,39,1,24,4,7,0,0,1,23
docs/OPS_CONALOG_RUNTIME_BRANCH_BR_20260425_119_MLPE_FIELD_TRIAL_REAL_LABEL_INTAKE_RUNBOOK_V1.md,.md,5164,104,b1d34b389cd2,runtime_branch;gate_contract;mlpe_field_trial;operator_handoff;release_runtime,# OPS_CONALOG_RUNTIME_BRANCH_BR_20260425_119_MLPE_FIELD_TRIAL_REAL_LABEL_INTAKE_RUNBOOK_V1,# OPS_CONALOG_RUNTIME_BRANCH_BR_20260425_119_MLPE_FIELD_TRIAL_REAL_LABEL_INTAKE_RUNBOOK_V1 || ## Purpose || ## Implementation || ## Inputs || ## Outputs || ## Real Result,,,,21,0,31,1,6,0,0,1,31
docs/OPS_CONALOG_RUNTIME_BRANCH_BR_20260425_120_MLPE_FIELD_TRIAL_TRUTH_SEED_REVIEW_PACKET_V1.md,.md,4490,94,9afa0c15aa76,runtime_branch;gate_contract;mlpe_field_trial;truth_review;operator_handoff;release_runtime,# OPS_CONALOG_RUNTIME_BRANCH_BR_20260425_120_MLPE_FIELD_TRIAL_TRUTH_SEED_REVIEW_PACKET_V1,# OPS_CONALOG_RUNTIME_BRANCH_BR_20260425_120_MLPE_FIELD_TRIAL_TRUTH_SEED_REVIEW_PACKET_V1 || ## Purpose || ## Implementation || ## Inputs || ## Outputs || ## Real Result,,,,49,0,23,1,7,0,0,1,19
docs/OPS_CONALOG_RUNTIME_BRANCH_BR_20260425_121_MLPE_FIELD_TRIAL_TRUTH_SEED_REVIEWER_DECISION_SCHEMA_V1.md,.md,4494,92,8a19ecbed236,runtime_branch;mlpe_field_trial;truth_review;common_cause;operator_handoff;release_runtime;evidence_matrix,# OPS_CONALOG_RUNTIME_BRANCH_BR_20260425_121_MLPE_FIELD_TRIAL_TRUTH_SEED_REVIEWER_DECISION_SCHEMA_V1,# OPS_CONALOG_RUNTIME_BRANCH_BR_20260425_121_MLPE_FIELD_TRIAL_TRUTH_SEED_REVIEWER_DECISION_SCHEMA_V1 || ## Purpose || ## Implementation || ## Inputs || ## Outputs || ## Real Result,,,,40,1,24,2,6,0,0,1,19
docs/OPS_CONALOG_RUNTIME_BRANCH_BR_20260425_122_MLPE_FIELD_TRIAL_TRUTH_SEED_REVIEWER_DECISION_VALIDATOR_V1.md,.md,5140,88,58ac26ca1ac6,runtime_branch;mlpe_field_trial;truth_review;operator_handoff;release_runtime,# OPS_CONALOG_RUNTIME_BRANCH_BR_20260425_122_MLPE_FIELD_TRIAL_TRUTH_SEED_REVIEWER_DECISION_VALIDATOR_V1,# OPS_CONALOG_RUNTIME_BRANCH_BR_20260425_122_MLPE_FIELD_TRIAL_TRUTH_SEED_REVIEWER_DECISION_VALIDATOR_V1 || ## Purpose || ## Implementation || ## Inputs || ## Outputs || ## Real Result,,,,48,0,30,1,6,0,0,1,24
docs/OPS_CONALOG_RUNTIME_BRANCH_BR_20260425_123_MLPE_FIELD_TRIAL_FUTURE_TRUTH_INTAKE_CANDIDATE_PACKAGE_V1.md,.md,5312,91,e637eaeae98a,runtime_branch;mlpe_field_trial;truth_review;operator_handoff;release_runtime,# OPS_CONALOG_RUNTIME_BRANCH_BR_20260425_123_MLPE_FIELD_TRIAL_FUTURE_TRUTH_INTAKE_CANDIDATE_PACKAGE_V1,# OPS_CONALOG_RUNTIME_BRANCH_BR_20260425_123_MLPE_FIELD_TRIAL_FUTURE_TRUTH_INTAKE_CANDIDATE_PACKAGE_V1 || ## Purpose || ## Implementation || ## Inputs || ## Outputs || ## Real Result,,,,58,1,26,1,7,0,0,1,21
docs/OPS_CONALOG_RUNTIME_BRANCH_BR_20260425_124_MLPE_FIELD_TRIAL_TRUTH_INTAKE_PREFLIGHT_CHECKLIST_V1.md,.md,5258,101,5fec5c788bed,runtime_branch;mlpe_field_trial;truth_review;operator_handoff;release_runtime,# OPS_CONALOG_RUNTIME_BRANCH_BR_20260425_124_MLPE_FIELD_TRIAL_TRUTH_INTAKE_PREFLIGHT_CHECKLIST_V1,# OPS_CONALOG_RUNTIME_BRANCH_BR_20260425_124_MLPE_FIELD_TRIAL_TRUTH_INTAKE_PREFLIGHT_CHECKLIST_V1 || ## Purpose || ## Implementation || ## Inputs || ## Outputs || ## Real Result,,,,53,1,28,2,6,0,0,1,23
docs/OPS_CONALOG_RUNTIME_BRANCH_BR_20260425_125_MLPE_FIELD_TRIAL_TRUTH_INTAKE_PREFLIGHT_REVIEW_VALIDATOR_V1.md,.md,5317,98,1bf6cb143935,runtime_branch;mlpe_field_trial;truth_review;operator_handoff;release_runtime,# OPS_CONALOG_RUNTIME_BRANCH_BR_20260425_125_MLPE_FIELD_TRIAL_TRUTH_INTAKE_PREFLIGHT_REVIEW_VALIDATOR_V1,# OPS_CONALOG_RUNTIME_BRANCH_BR_20260425_125_MLPE_FIELD_TRIAL_TRUTH_INTAKE_PREFLIGHT_REVIEW_VALIDATOR_V1 || ## Purpose || ## Implementation || ## Inputs || ## Outputs || ## Real Result,,,,42,3,26,2,6,0,0,1,22
docs/OPS_CONALOG_RUNTIME_BRANCH_BR_20260425_126_PROJECT_DESIGN_CORPUS_V1.csv,.csv,3978,15,d1351c55a963,runtime_branch;project_eval;performance_audit;common_cause;operator_handoff;release_runtime;evidence_matrix,,,14,corpus_id|artifact_path|design_role|what_it_already_answered|how_br126_uses_it,,15,4,0,8,0,10,9,0,2
docs/OPS_CONALOG_RUNTIME_BRANCH_BR_20260425_126_ROADMAP_PHASE_INVENTORY_V1.csv,.csv,3557,11,deb2f718f17a,runtime_branch;gate_contract;performance_audit;common_cause;operator_handoff;release_runtime;evidence_matrix,,,10,phase_id|br_range|branch_count|scope|current_state|next_dependency,,12,10,2,5,2,3,5,1,1
docs/OPS_CONALOG_RUNTIME_BRANCH_BR_20260425_126_ROADMAP_POSITION_AND_WEAK_AXIS_MATRIX_V1.md,.md,10636,188,90e8d766c9c1,runtime_branch;mlpe_field_trial;truth_review;project_eval;operator_handoff;release_runtime;evidence_matrix,# OPS_CONALOG_RUNTIME_BRANCH_BR_20260425_126_ROADMAP_POSITION_AND_WEAK_AXIS_MATRIX_V1,# OPS_CONALOG_RUNTIME_BRANCH_BR_20260425_126_ROADMAP_POSITION_AND_WEAK_AXIS_MATRIX_V1 || ## Purpose || ## Scrape Boundary || ## Scrape Result || ## Project-Level Design Corpus || ## Roadmap Position,,,,23,16,10,10,6,8,14,15,19
docs/OPS_CONALOG_RUNTIME_BRANCH_BR_20260425_126_WEAK_AXIS_STRENGTHENING_MATRIX_V1.csv,.csv,3894,9,be273b368f3f,runtime_branch;gate_contract;mlpe_field_trial;performance_audit;common_cause;release_runtime;evidence_matrix;maintenance_proxy,,,8,weak_axis|evidence_base|current_weakness|strengthening_method|next_gate,,10,6,7,8,1,8,5,0,9
docs/OPS_CONALOG_RUNTIME_BRANCH_PARKING_LOT_TEMPLATE_V1.md,.md,4245,122,3634a7dab40a,runtime_branch;gate_contract;release_runtime;evidence_matrix,# OPS Conalog Runtime Branch & Parking-Lot Template V1,# OPS Conalog Runtime Branch & Parking-Lot Template V1 || ## 1. 목적 || ## 2. 언제 브랜치를 여는가 || ## 3. 브랜치 유형 || ## 4. 브랜치 ID 규칙 || ## 5. 파킹 로트 ID 규칙,,,,0,0,0,0,0,0,0,0,3
docs/OPS_CONALOG_RUNTIME_COUNTEREXAMPLE_REGRESSION_CHECKLIST_V1.md,.md,10852,170,1fbbb9700ea0,gate_contract;common_cause;operator_handoff;release_runtime;evidence_matrix,# OPS_CONALOG_RUNTIME_COUNTEREXAMPLE_REGRESSION_CHECKLIST_V1,# OPS_CONALOG_RUNTIME_COUNTEREXAMPLE_REGRESSION_CHECKLIST_V1 || ## Purpose || ## Scope || ## When To Use || ### docs-only patch || ### code or rule patch,,,,0,11,7,17,3,1,0,0,5
docs/OPS_CONALOG_RUNTIME_COUNTEREXAMPLE_SET_V1.md,.md,33412,358,18ef47930ec1,gate_contract;common_cause;operator_handoff;release_runtime;evidence_matrix;topology_grouping,# OPS_CONALOG_RUNTIME_COUNTEREXAMPLE_SET_V1,# OPS_CONALOG_RUNTIME_COUNTEREXAMPLE_SET_V1 || ## 1. 목적 || ## 2. 이 문서의 역할 || ## 3. 적용 범위 || ## 4. 케이스 기록 스키마 || ## 5. 운영 규칙,,,,0,27,24,53,6,15,1,0,34
docs/OPS_CONALOG_RUNTIME_CROSS_GATE_DESIGN_GAP_AUDIT_V1.md,.md,18857,329,d1db058b5c5f,gate_contract;release_runtime,# OPS_CONALOG_RUNTIME_CROSS_GATE_DESIGN_GAP_AUDIT_V1,# OPS_CONALOG_RUNTIME_CROSS_GATE_DESIGN_GAP_AUDIT_V1 || ## 1. 목적 || ## 2. 조사 계기 || ## 3. 조사 범위 || ## 4. 핵심 결론 || ## 5. High-Severity 설계 허점,,,,0,16,9,10,13,0,1,0,20
docs/OPS_CONALOG_RUNTIME_DECISION_LOG_DL_20260422_001_V1.md,.md,9630,139,a39c03378047,decision_log;gate_contract;operator_handoff;release_runtime;evidence_matrix,# OPS Conalog Runtime Decision Log DL-20260422-001 V1,# OPS Conalog Runtime Decision Log DL-20260422-001 V1 || ## 빠른 요약 || ## [DL-20260422-001] official current / raw-only / operator headline semantics lock || ### 질문 || ### 배경 || ### 선택지,,,,0,1,7,0,8,0,0,0,17
docs/OPS_CONALOG_RUNTIME_DECISION_LOG_DL_20260422_002_V1.md,.md,9926,124,842e3773ea04,decision_log;gate_contract;operator_handoff;release_runtime;evidence_matrix,# OPS Conalog Runtime Decision Log DL-20260422-002 V1,# OPS Conalog Runtime Decision Log DL-20260422-002 V1 || ## 빠른 요약 || ## [DL-20260422-002] stable/handoff contract vs runtime redesign contract boundary || ### 질문 || ### 배경 || ### 선택지,,,,0,0,4,0,3,0,26,0,14
docs/OPS_CONALOG_RUNTIME_DECISION_LOG_DL_20260422_003_V1.md,.md,5552,95,c6b733257ed0,decision_log;gate_contract;operator_handoff;release_runtime;evidence_matrix,## 빠른 요약,## 빠른 요약 || ## [DL-20260422-003] minimal stable/handoff boundary note patch scope || ### 질문 || ### 배경 || ### 선택지 || ### 최종 결정,,,,0,0,2,0,1,0,13,0,8
docs/OPS_CONALOG_RUNTIME_DECISION_LOG_DL_20260422_004_V1.md,.md,8579,129,72ae4ba15a45,decision_log;gate_contract;operator_handoff;release_runtime;evidence_matrix,# OPS Conalog Runtime Decision Log DL-20260422-004 V1,# OPS Conalog Runtime Decision Log DL-20260422-004 V1 || ## 빠른 요약 || ## [DL-20260422-004] operator auto-open fallback policy lock || ### 질문 || ### 배경 || ### 선택지,,,,0,0,2,0,3,0,2,0,18
docs/OPS_CONALOG_RUNTIME_DECISION_LOG_DL_20260422_005_V1.md,.md,7520,111,fb47c62e234c,decision_log;gate_contract;operator_handoff;release_runtime;evidence_matrix,# OPS Conalog Runtime Decision Log DL-20260422-005 V1,# OPS Conalog Runtime Decision Log DL-20260422-005 V1 || ## 빠른 요약 || ## [DL-20260422-005] current_report vs master_report role split || ### 질문 || ### 배경 || ### 선택지,,,,0,0,2,0,2,0,0,0,17
docs/OPS_CONALOG_RUNTIME_DECISION_LOG_DL_20260422_006_V1.md,.md,8179,113,f1a80d9c7abb,decision_log;gate_contract;operator_handoff;release_runtime;evidence_matrix,# OPS Conalog Runtime Decision Log DL-20260422-006 V1,# OPS Conalog Runtime Decision Log DL-20260422-006 V1 || ## 빠른 요약 || ## [DL-20260422-006] raw-only direct exposure / master report link boundary || ### 질문 || ### 배경 || ### 선택지,,,,0,0,2,0,1,0,0,0,24
docs/OPS_CONALOG_RUNTIME_DECISION_LOG_DL_20260422_007_V1.md,.md,6911,101,b014d49b455a,decision_log;gate_contract;operator_handoff;release_runtime;evidence_matrix,# OPS Conalog Runtime Decision Log DL-20260422-007 V1,# OPS Conalog Runtime Decision Log DL-20260422-007 V1 || ## 빠른 요약 || ## [DL-20260422-007] detailed definitions operator guidance boundary || ### 질문 || ### 배경 || ### 선택지,,,,0,0,2,0,2,0,0,0,13
docs/OPS_CONALOG_RUNTIME_DECISION_LOG_DL_20260422_008_V1.md,.md,8121,118,3418897f2dd4,decision_log;gate_contract;operator_handoff;release_runtime;evidence_matrix,# OPS_CONALOG_RUNTIME_DECISION_LOG_DL_20260422_008_V1,# OPS_CONALOG_RUNTIME_DECISION_LOG_DL_20260422_008_V1 || ## 빠른 요약 || ## [DL-20260422-008] operator-facing artifact event semantics exposure range lock || ### 질문 || ### 배경 || ### 선택지,,,,0,0,0,0,13,0,1,0,18
docs/OPS_CONALOG_RUNTIME_DECISION_LOG_DL_20260422_009_V1.md,.md,7815,117,fe7581929b7a,decision_log;gate_contract;release_runtime,# OPS_CONALOG_RUNTIME_DECISION_LOG_DL_20260422_009_V1,# OPS_CONALOG_RUNTIME_DECISION_LOG_DL_20260422_009_V1 || ## 빠른 요약 || ## [DL-20260422-009] official current softened event summary conditional exposure lock || ### 질문 || ### 배경 || ### 선택지,,,,0,0,4,0,2,0,0,0,6
docs/OPS_CONALOG_RUNTIME_DECISION_LOG_DL_20260422_010_V1.md,.md,7389,109,83f25f101dda,decision_log;gate_contract;operator_handoff;release_runtime;evidence_matrix,# OPS_CONALOG_RUNTIME_DECISION_LOG_DL_20260422_010_V1,# OPS_CONALOG_RUNTIME_DECISION_LOG_DL_20260422_010_V1 || ## 빠른 요약 || ## [DL-20260422-010] release/final_delivery runtime explanation sync scope lock || ### 질문 || ### 배경 || ### 선택지,,,,0,0,2,0,1,0,3,0,11
docs/OPS_CONALOG_RUNTIME_DECISION_LOG_DL_20260422_011_V1.md,.md,5882,100,f696bebab48a,decision_log;gate_contract;operator_handoff;release_runtime,# OPS_CONALOG_RUNTIME_DECISION_LOG_DL_20260422_011_V1,# OPS_CONALOG_RUNTIME_DECISION_LOG_DL_20260422_011_V1 || ## 빠른 요약 || ## [DL-20260422-011] stable/runtime mapping spec promotion lock || ### 질문 || ### 배경 || ### 선택지,,,,0,0,2,0,1,0,1,0,1
docs/OPS_CONALOG_RUNTIME_DECISION_LOG_DL_20260422_012_V1.md,.md,7878,110,b9c7885dafa1,decision_log;gate_contract;common_cause;operator_handoff;release_runtime,# OPS_CONALOG_RUNTIME_DECISION_LOG_DL_20260422_012_V1,# OPS_CONALOG_RUNTIME_DECISION_LOG_DL_20260422_012_V1 || ## 빠른 요약 || ## [DL-20260422-012] `prefault_B_effective` attention-grade scope lock || ### 질문 || ### 배경 || ### 선택지,,,,0,10,0,12,6,0,7,0,0
docs/OPS_CONALOG_RUNTIME_DECISION_LOG_DL_20260424_013_V1.md,.md,9862,141,bb957e5ba918,runtime_branch;decision_log;gate_contract;common_cause;release_runtime,# OPS_CONALOG_RUNTIME_DECISION_LOG_DL_20260424_013_V1,# OPS_CONALOG_RUNTIME_DECISION_LOG_DL_20260424_013_V1 || ## 빠른 요약 || ## [DL-20260424-013] provisional seed promotion criteria lock || ### 질문 || ### 배경 || ### 선택지,,,,0,2,4,10,1,0,2,0,0
docs/OPS_CONALOG_RUNTIME_DECISION_LOG_DL_20260424_014_V1.md,.md,9742,159,660aea31d706,runtime_branch;decision_log;gate_contract;common_cause;release_runtime,# OPS_CONALOG_RUNTIME_DECISION_LOG_DL_20260424_014_V1,# OPS_CONALOG_RUNTIME_DECISION_LOG_DL_20260424_014_V1 || ## 빠른 요약 || ## [DL-20260424-014] score-to-projection precedence lock || ### 질문 || ### 배경 || ### 선택지,,,,0,11,7,13,3,4,2,0,1
docs/OPS_CONALOG_RUNTIME_DECISION_LOG_DL_20260424_015_V1.md,.md,2091,43,2de22c028162,decision_log;gate_contract;common_cause;release_runtime,# OPS_CONALOG_RUNTIME_DECISION_LOG_DL_20260424_015_V1,# OPS_CONALOG_RUNTIME_DECISION_LOG_DL_20260424_015_V1 || ## Decision || ## Evidence || ## Why Not Promote Yet || ## Future Promotion Criteria || ## Consequence,,,,0,1,0,12,0,0,0,0,0
docs/OPS_CONALOG_RUNTIME_DECISION_LOG_DL_20260424_016_V1.md,.md,1812,34,dd161a4fcc51,decision_log;gate_contract;performance_audit;common_cause;gpvs_reference;release_runtime;evidence_matrix,# OPS_CONALOG_RUNTIME_DECISION_LOG_DL_20260424_016_V1,# OPS_CONALOG_RUNTIME_DECISION_LOG_DL_20260424_016_V1 || ## Decision || ## Evidence || ## Reading || ## Consequence,,,,0,1,0,6,0,2,0,0,3
docs/OPS_CONALOG_RUNTIME_DECISION_LOG_DL_20260424_017_V1.md,.md,1769,37,722b5b3fa406,decision_log;common_cause;release_runtime;evidence_matrix,# OPS_CONALOG_RUNTIME_DECISION_LOG_DL_20260424_017_V1,# OPS_CONALOG_RUNTIME_DECISION_LOG_DL_20260424_017_V1 || ## Decision || ## Evidence || ## Reading || ## Consequence,,,,0,1,0,4,0,0,0,0,2
docs/OPS_CONALOG_RUNTIME_DECISION_LOG_DL_20260424_018_V1.md,.md,3343,69,c6c6d6c68208,decision_log;gate_contract;common_cause;gpvs_reference;release_runtime;evidence_matrix,# OPS_CONALOG_RUNTIME_DECISION_LOG_DL_20260424_018_V1,# OPS_CONALOG_RUNTIME_DECISION_LOG_DL_20260424_018_V1 || ## Decision || ## Evidence || ## Reading || ## Consequence,,,,0,2,0,6,0,0,0,0,2
docs/OPS_CONALOG_RUNTIME_DECISION_LOG_DL_20260424_019_V1.md,.md,3139,70,4f4505dddb06,decision_log;performance_audit;common_cause;release_runtime;evidence_matrix,# OPS_CONALOG_RUNTIME_DECISION_LOG_DL_20260424_019_V1,# OPS_CONALOG_RUNTIME_DECISION_LOG_DL_20260424_019_V1 || ## Decision || ## Evidence || ## Reading || ## Consequence,,,,0,1,0,12,0,2,0,0,5
docs/OPS_CONALOG_RUNTIME_DECISION_LOG_DL_20260424_020_V1.md,.md,2009,48,9ed93bdcdb18,decision_log;gate_contract;common_cause;release_runtime,# OPS_CONALOG_RUNTIME_DECISION_LOG_DL_20260424_020_V1,# OPS_CONALOG_RUNTIME_DECISION_LOG_DL_20260424_020_V1 || ## Decision || ## Evidence || ## Reading || ## Consequence,,,,0,5,0,3,0,0,0,0,0
docs/OPS_CONALOG_RUNTIME_DECISION_LOG_DL_20260424_021_V1.md,.md,2526,62,1609be4e540c,decision_log;common_cause;operator_handoff;release_runtime,# OPS_CONALOG_RUNTIME_DECISION_LOG_DL_20260424_021_V1,# OPS_CONALOG_RUNTIME_DECISION_LOG_DL_20260424_021_V1 || ## Decision || ## Evidence || ## Reading || ## Consequence,,,,0,4,0,13,0,0,0,0,0
docs/OPS_CONALOG_RUNTIME_DECISION_LOG_DL_20260424_022_V1.md,.md,1502,30,b957c6db9c5c,decision_log;common_cause;operator_handoff;release_runtime,# OPS_CONALOG_RUNTIME_DECISION_LOG_DL_20260424_022_V1,# OPS_CONALOG_RUNTIME_DECISION_LOG_DL_20260424_022_V1 || ## Decision || ## Why || ## Lock || ## Immediate Follow-up,,,,0,1,0,5,1,0,0,0,2
docs/OPS_CONALOG_RUNTIME_DECISION_LOG_DL_20260424_023_V1.md,.md,1526,37,6812714e7336,decision_log;common_cause;operator_handoff;release_runtime,# OPS_CONALOG_RUNTIME_DECISION_LOG_DL_20260424_023_V1,# OPS_CONALOG_RUNTIME_DECISION_LOG_DL_20260424_023_V1 || ## Decision || ## Why || ## Lock || ## Immediate Follow-up,,,,0,4,0,1,0,0,0,0,1
docs/OPS_CONALOG_RUNTIME_DECISION_LOG_DL_20260424_024_V1.md,.md,1393,30,3d8b22a552ec,decision_log;common_cause;operator_handoff;release_runtime;evidence_matrix,# OPS_CONALOG_RUNTIME_DECISION_LOG_DL_20260424_024_V1,# OPS_CONALOG_RUNTIME_DECISION_LOG_DL_20260424_024_V1 || ## Decision || ## Why || ## Lock || ## Not Allowed Yet,,,,0,6,0,4,1,0,2,0,0
docs/OPS_CONALOG_RUNTIME_DECISION_LOG_DL_20260424_025_V1.md,.md,1261,20,f8c2b617056e,decision_log;common_cause;release_runtime;evidence_matrix,# OPS_CONALOG_RUNTIME_DECISION_LOG_DL_20260424_025_V1,# OPS_CONALOG_RUNTIME_DECISION_LOG_DL_20260424_025_V1 || ## Decision || ## Why || ## Lock,,,,0,6,0,6,1,0,5,0,3
docs/OPS_CONALOG_RUNTIME_DECISION_LOG_DL_20260424_026_V1.md,.md,941,23,684405d7c533,decision_log;common_cause;release_runtime;evidence_matrix,# OPS_CONALOG_RUNTIME_DECISION_LOG_DL_20260424_026_V1,# OPS_CONALOG_RUNTIME_DECISION_LOG_DL_20260424_026_V1 || ## Decision || ## Why || ## Lock,,,,0,2,0,2,0,0,1,0,0
docs/OPS_CONALOG_RUNTIME_DECISION_LOG_DL_20260424_027_V1.md,.md,1009,23,d6c472f356ba,decision_log;common_cause;release_runtime,# OPS_CONALOG_RUNTIME_DECISION_LOG_DL_20260424_027_V1,# OPS_CONALOG_RUNTIME_DECISION_LOG_DL_20260424_027_V1 || ## Decision || ## Why || ## Lock,,,,0,3,0,2,0,0,0,0,0
docs/OPS_CONALOG_RUNTIME_DECISION_LOG_DL_20260424_028_V1.md,.md,803,22,3dcbba3a884e,decision_log;release_runtime,# OPS_CONALOG_RUNTIME_DECISION_LOG_DL_20260424_028_V1,# OPS_CONALOG_RUNTIME_DECISION_LOG_DL_20260424_028_V1 || ## Decision || ## Why || ## Lock,,,,0,1,0,0,0,0,0,0,0
docs/OPS_CONALOG_RUNTIME_DECISION_LOG_DL_20260424_029_V1.md,.md,1144,27,b18fdccf4921,decision_log;operator_handoff;release_runtime;evidence_matrix,# OPS_CONALOG_RUNTIME_DECISION_LOG_DL_20260424_029_V1,# OPS_CONALOG_RUNTIME_DECISION_LOG_DL_20260424_029_V1 || ## Decision || ## Reason || ## Evidence || ## Consequence,,,,0,2,0,0,1,0,2,0,3
docs/OPS_CONALOG_RUNTIME_DECISION_LOG_DL_20260424_030_V1.md,.md,1247,30,0ee2f272ee53,decision_log;operator_handoff;release_runtime;evidence_matrix,# OPS_CONALOG_RUNTIME_DECISION_LOG_DL_20260424_030_V1,# OPS_CONALOG_RUNTIME_DECISION_LOG_DL_20260424_030_V1 || ## Decision || ## Reason || ## Evidence || ## Consequence,,,,1,1,0,0,1,0,1,0,5
docs/OPS_CONALOG_RUNTIME_DECISION_LOG_DL_20260424_031_V1.md,.md,1257,30,59da080ee86c,decision_log;operator_handoff;release_runtime;evidence_matrix,# OPS_CONALOG_RUNTIME_DECISION_LOG_DL_20260424_031_V1,# OPS_CONALOG_RUNTIME_DECISION_LOG_DL_20260424_031_V1 || ## Decision || ## Reason || ## Evidence || ## Consequence,,,,0,2,0,0,1,0,0,0,2
docs/OPS_CONALOG_RUNTIME_DECISION_LOG_DL_20260424_032_V1.md,.md,1516,31,544e539d36b8,decision_log;common_cause;operator_handoff;release_runtime,# OPS_CONALOG_RUNTIME_DECISION_LOG_DL_20260424_032_V1,# OPS_CONALOG_RUNTIME_DECISION_LOG_DL_20260424_032_V1 || ## Decision || ## Reason || ## Evidence || ## Consequence,,,,0,3,0,16,1,0,0,0,2
docs/OPS_CONALOG_RUNTIME_DECISION_LOG_DL_20260424_033_V1.md,.md,1541,35,f324840d36d5,decision_log;common_cause;operator_handoff;release_runtime;evidence_matrix,# OPS_CONALOG_RUNTIME_DECISION_LOG_DL_20260424_033_V1,# OPS_CONALOG_RUNTIME_DECISION_LOG_DL_20260424_033_V1 || ## Decision || ## Reason || ## Evidence || ## Consequence,,,,0,6,0,8,1,0,6,0,1
docs/OPS_CONALOG_RUNTIME_DECISION_LOG_DL_20260424_034_V1.md,.md,1431,32,7578f30ce220,decision_log;common_cause;gpvs_reference;operator_handoff;release_runtime,# OPS_CONALOG_RUNTIME_DECISION_LOG_DL_20260424_034_V1,# OPS_CONALOG_RUNTIME_DECISION_LOG_DL_20260424_034_V1 || ## Decision || ## Reason || ## Evidence || ## Consequence,,,,0,2,0,1,1,0,0,0,1
docs/OPS_CONALOG_RUNTIME_DECISION_LOG_DL_20260424_035_V1.md,.md,1937,45,cd1460eb8686,decision_log;gate_contract;common_cause;operator_handoff;release_runtime,# OPS_CONALOG_RUNTIME_DECISION_LOG_DL_20260424_035_V1,# OPS_CONALOG_RUNTIME_DECISION_LOG_DL_20260424_035_V1 || ## Decision || ## Reason || ## Evidence || ## Consequence,,,,0,4,0,1,3,0,1,1,1
docs/OPS_CONALOG_RUNTIME_DECISION_LOG_DL_20260424_036_V1.md,.md,1547,34,98d4f8ef56b1,decision_log;gate_contract;operator_handoff;release_runtime,# OPS_CONALOG_RUNTIME_DECISION_LOG_DL_20260424_036_V1,# OPS_CONALOG_RUNTIME_DECISION_LOG_DL_20260424_036_V1 || ## Decision || ## Reason || ## Evidence || ## Consequence,,,,0,6,0,0,4,1,0,0,0
docs/OPS_CONALOG_RUNTIME_DECISION_LOG_DL_20260424_037_V1.md,.md,1429,30,bdefd23e720a,decision_log;gate_contract;release_runtime,# OPS_CONALOG_RUNTIME_DECISION_LOG_DL_20260424_037_V1,# OPS_CONALOG_RUNTIME_DECISION_LOG_DL_20260424_037_V1 || ## Decision || ## Reason || ## Evidence || ## Consequence,,,,0,3,0,0,1,0,0,0,1
docs/OPS_CONALOG_RUNTIME_DECISION_LOG_DL_20260424_038_V1.md,.md,1575,34,7c4b00baf0a8,decision_log;gate_contract;operator_handoff;release_runtime,# OPS_CONALOG_RUNTIME_DECISION_LOG_DL_20260424_038_V1,# OPS_CONALOG_RUNTIME_DECISION_LOG_DL_20260424_038_V1 || ## Decision || ## Reason || ## Evidence || ## Consequence,,,,0,5,0,0,1,0,0,0,4
docs/OPS_CONALOG_RUNTIME_DECISION_LOG_DL_20260424_039_V1.md,.md,1553,37,393352d85eba,decision_log;operator_handoff;release_runtime,# OPS_CONALOG_RUNTIME_DECISION_LOG_DL_20260424_039_V1,# OPS_CONALOG_RUNTIME_DECISION_LOG_DL_20260424_039_V1 || ## Decision || ## Reason || ## Evidence || ## Consequence,,,,0,4,0,0,1,0,0,0,1
docs/OPS_CONALOG_RUNTIME_DECISION_LOG_DL_20260424_040_V1.md,.md,1424,32,f0e03b214244,decision_log;gate_contract;operator_handoff;release_runtime,# OPS_CONALOG_RUNTIME_DECISION_LOG_DL_20260424_040_V1,# OPS_CONALOG_RUNTIME_DECISION_LOG_DL_20260424_040_V1 || ## Decision || ## Reason || ## Evidence || ## Consequence,,,,0,3,1,0,1,0,0,1,1
docs/OPS_CONALOG_RUNTIME_DECISION_LOG_DL_20260424_041_V1.md,.md,1313,31,d809bcb608c6,decision_log;gate_contract;common_cause;operator_handoff;release_runtime,# OPS_CONALOG_RUNTIME_DECISION_LOG_DL_20260424_041_V1,# OPS_CONALOG_RUNTIME_DECISION_LOG_DL_20260424_041_V1 || ## Decision || ## Reason || ## Evidence || ## Consequence,,,,0,1,0,1,2,0,0,1,1
docs/OPS_CONALOG_RUNTIME_DECISION_LOG_DL_20260424_042_V1.md,.md,1720,34,7e8495749eaf,decision_log;gate_contract;operator_handoff;release_runtime,# OPS_CONALOG_RUNTIME_DECISION_LOG_DL_20260424_042_V1,# OPS_CONALOG_RUNTIME_DECISION_LOG_DL_20260424_042_V1 || ## Decision || ## Reason || ## Evidence || ## Consequence,,,,0,3,0,0,2,0,0,1,1
docs/OPS_CONALOG_RUNTIME_DECISION_LOG_DL_20260424_043_V1.md,.md,1754,36,fc766e255cd2,decision_log;gate_contract;performance_audit;common_cause;operator_handoff;release_runtime,# OPS_CONALOG_RUNTIME_DECISION_LOG_DL_20260424_043_V1,# OPS_CONALOG_RUNTIME_DECISION_LOG_DL_20260424_043_V1 || ## Decision || ## Reason || ## Evidence || ## Consequence,,,,3,4,0,3,2,12,0,0,1
docs/OPS_CONALOG_RUNTIME_DECISION_LOG_DL_20260424_044_V1.md,.md,1622,35,51105c95c519,decision_log;gate_contract;performance_audit;release_runtime,# OPS_CONALOG_RUNTIME_DECISION_LOG_DL_20260424_044_V1,# OPS_CONALOG_RUNTIME_DECISION_LOG_DL_20260424_044_V1 || ## Decision || ## Reason || ## Evidence || ## Consequence,,,,3,1,0,0,1,12,0,0,1
docs/OPS_CONALOG_RUNTIME_DECISION_LOG_DL_20260424_045_V1.md,.md,1977,50,120f266622ea,decision_log;gate_contract;performance_audit;release_runtime,# OPS_CONALOG_RUNTIME_DECISION_LOG_DL_20260424_045_V1,# OPS_CONALOG_RUNTIME_DECISION_LOG_DL_20260424_045_V1 || ## Decision || ## Reason || ## Evidence Required || ## Evidence Result || ## Consequence,,,,0,2,0,0,5,5,0,0,1
docs/OPS_CONALOG_RUNTIME_DECISION_LOG_DL_20260424_046_V1.md,.md,1997,42,11b3f6f52428,decision_log;gate_contract;common_cause;operator_handoff;release_runtime,# OPS_CONALOG_RUNTIME_DECISION_LOG_DL_20260424_046_V1,# OPS_CONALOG_RUNTIME_DECISION_LOG_DL_20260424_046_V1 || ## Decision || ## Why || ## Evidence || ## Impact || ## Next Required Action,,,,0,4,0,3,2,0,0,0,2
docs/OPS_CONALOG_RUNTIME_DECISION_LOG_DL_20260424_047_V1.md,.md,1405,36,f6ed56095ca8,decision_log;operator_handoff;release_runtime;evidence_matrix,# OPS_CONALOG_RUNTIME_DECISION_LOG_DL_20260424_047_V1,# OPS_CONALOG_RUNTIME_DECISION_LOG_DL_20260424_047_V1 || ## Decision || ## Why || ## Evidence || ## Impact || ## Next Required Action,,,,0,3,0,1,2,0,0,0,4
docs/OPS_CONALOG_RUNTIME_DECISION_LOG_DL_20260424_048_V1.md,.md,1656,38,6f5847df84dc,runtime_branch;decision_log;gate_contract;operator_handoff;release_runtime;evidence_matrix,# OPS_CONALOG_RUNTIME_DECISION_LOG_DL_20260424_048_V1,# OPS_CONALOG_RUNTIME_DECISION_LOG_DL_20260424_048_V1 || ## Decision || ## Why || ## Evidence || ## Impact || ## Next Required Action,,,,0,8,0,2,2,0,5,0,4
docs/OPS_CONALOG_RUNTIME_DECISION_LOG_DL_20260424_049_V1.md,.md,1680,39,3e82f1bdd113,decision_log;operator_handoff;release_runtime;evidence_matrix;maintenance_proxy,# OPS_CONALOG_RUNTIME_DECISION_LOG_DL_20260424_049_V1,# OPS_CONALOG_RUNTIME_DECISION_LOG_DL_20260424_049_V1 || ## Decision || ## Why || ## Evidence || ## Impact || ## Next Required Action,,,,0,4,0,1,4,0,0,0,8
docs/OPS_CONALOG_RUNTIME_DECISION_LOG_DL_20260424_050_V1.md,.md,1719,42,b3f170c7b0a9,decision_log;operator_handoff;release_runtime;evidence_matrix;maintenance_proxy,# OPS_CONALOG_RUNTIME_DECISION_LOG_DL_20260424_050_V1,# OPS_CONALOG_RUNTIME_DECISION_LOG_DL_20260424_050_V1 || ## Decision || ## Why || ## Evidence || ## Impact || ## Next Required Action,,,,0,4,0,1,5,0,0,0,6
docs/OPS_CONALOG_RUNTIME_DECISION_LOG_DL_20260424_051_V1.md,.md,2232,44,6ca854e4877c,decision_log;mlpe_field_trial;operator_handoff;release_runtime;evidence_matrix;maintenance_proxy,# OPS_CONALOG_RUNTIME_DECISION_LOG_DL_20260424_051_V1,# OPS_CONALOG_RUNTIME_DECISION_LOG_DL_20260424_051_V1 || ## Decision || ## Why || ## Evidence || ## Impact || ## Next Required Action,,,,0,7,0,1,5,0,0,0,6
docs/OPS_CONALOG_RUNTIME_DECISION_LOG_DL_20260424_052_V1.md,.md,1697,41,6d03c8b103e4,decision_log;performance_audit;operator_handoff;release_runtime;maintenance_proxy,# OPS_CONALOG_RUNTIME_DECISION_LOG_DL_20260424_052_V1,# OPS_CONALOG_RUNTIME_DECISION_LOG_DL_20260424_052_V1 || ## Decision || ## Why || ## Evidence || ## Impact || ## Next Required Action,,,,0,10,0,1,6,2,0,0,3
docs/OPS_CONALOG_RUNTIME_DECISION_LOG_DL_20260424_053_V1.md,.md,1826,41,064d40f247ed,decision_log;gate_contract;common_cause;operator_handoff;release_runtime,# OPS_CONALOG_RUNTIME_DECISION_LOG_DL_20260424_053_V1,# OPS_CONALOG_RUNTIME_DECISION_LOG_DL_20260424_053_V1 || ## Decision || ## Why || ## Evidence || ## Impact || ## Next Required Action,,,,0,3,0,11,5,0,0,0,3
docs/OPS_CONALOG_RUNTIME_DECISION_LOG_DL_20260424_054_V1.md,.md,2645,58,85e176d9f990,decision_log;common_cause;operator_handoff;release_runtime,# OPS_CONALOG_RUNTIME_DECISION_LOG_DL_20260424_054_V1,# OPS_CONALOG_RUNTIME_DECISION_LOG_DL_20260424_054_V1 || ## Decision || ## Why || ## Evidence || ## Impact || ## Next Required Action,,,,0,7,0,12,3,0,0,0,3
docs/OPS_CONALOG_RUNTIME_DECISION_LOG_DL_20260424_055_V1.md,.md,2090,45,6f065e7c539d,decision_log;common_cause;operator_handoff;release_runtime;evidence_matrix,# OPS_CONALOG_RUNTIME_DECISION_LOG_DL_20260424_055_V1,# OPS_CONALOG_RUNTIME_DECISION_LOG_DL_20260424_055_V1 || ## Decision || ## Why || ## Evidence || ## Impact || ## Next Required Action,,,,0,2,0,7,5,0,0,0,4
docs/OPS_CONALOG_RUNTIME_DECISION_LOG_DL_20260424_056_V1.md,.md,2091,40,161b9a193120,decision_log;common_cause;operator_handoff;release_runtime,# OPS_CONALOG_RUNTIME_DECISION_LOG_DL_20260424_056_V1,# OPS_CONALOG_RUNTIME_DECISION_LOG_DL_20260424_056_V1 || ## Decision || ## Why || ## Evidence || ## Impact || ## Next Required Action,,,,0,3,0,14,5,0,0,0,3
docs/OPS_CONALOG_RUNTIME_DECISION_LOG_DL_20260424_057_V1.md,.md,2013,44,2d6f5537c832,decision_log;gate_contract;common_cause;operator_handoff;release_runtime,# OPS_CONALOG_RUNTIME_DECISION_LOG_DL_20260424_057_V1,# OPS_CONALOG_RUNTIME_DECISION_LOG_DL_20260424_057_V1 || ## Decision || ## Why || ## Evidence || ## Impact || ## Next Required Action,,,,0,5,0,11,3,0,0,0,3
docs/OPS_CONALOG_RUNTIME_DECISION_LOG_DL_20260424_058_V1.md,.md,1927,43,15326cb6e1e4,decision_log;gate_contract;common_cause;release_runtime,# OPS_CONALOG_RUNTIME_DECISION_LOG_DL_20260424_058_V1,# OPS_CONALOG_RUNTIME_DECISION_LOG_DL_20260424_058_V1 || ## Decision || ## Why || ## Evidence || ## Impact || ## Next Required Action,,,,0,3,0,9,4,0,0,0,3
docs/OPS_CONALOG_RUNTIME_DECISION_LOG_DL_20260424_059_V1.md,.md,2644,57,cf7523077fd8,decision_log;gate_contract;performance_audit;common_cause;operator_handoff;release_runtime;evidence_matrix,# OPS_CONALOG_RUNTIME_DECISION_LOG_DL_20260424_059_V1,# OPS_CONALOG_RUNTIME_DECISION_LOG_DL_20260424_059_V1 || ## Decision || ## Why || ## Evidence || ## Impact || ## Next Required Action,,,,1,10,0,7,2,3,7,2,4
docs/OPS_CONALOG_RUNTIME_DECISION_LOG_DL_20260425_060_V1.md,.md,2210,48,d0791bc27994,runtime_branch;decision_log;gate_contract;performance_audit;common_cause;operator_handoff;release_runtime;evidence_matrix,# OPS_CONALOG_RUNTIME_DECISION_LOG_DL_20260425_060_V1,# OPS_CONALOG_RUNTIME_DECISION_LOG_DL_20260425_060_V1 || ## Decision || ## Why || ## Evidence || ## Impact || ## Next Required Action,,,,0,11,0,3,4,2,9,0,9
docs/OPS_CONALOG_RUNTIME_DECISION_LOG_DL_20260425_061_V1.md,.md,1877,43,514890b98b13,decision_log;gate_contract;common_cause;operator_handoff;release_runtime;evidence_matrix,# OPS_CONALOG_RUNTIME_DECISION_LOG_DL_20260425_061_V1,# OPS_CONALOG_RUNTIME_DECISION_LOG_DL_20260425_061_V1 || ## Decision || ## Why || ## Evidence || ## Impact || ## Next Required Action,,,,6,5,0,2,7,0,0,1,5
docs/OPS_CONALOG_RUNTIME_DECISION_LOG_DL_20260425_062_V1.md,.md,1939,49,3af4a6b7fd9e,decision_log;gate_contract;common_cause;operator_handoff;release_runtime;evidence_matrix,# OPS_CONALOG_RUNTIME_DECISION_LOG_DL_20260425_062_V1,# OPS_CONALOG_RUNTIME_DECISION_LOG_DL_20260425_062_V1 || ## Decision || ## Why || ## Evidence || ## Impact || ## Next Required Action,,,,10,1,0,3,7,0,0,1,4
docs/OPS_CONALOG_RUNTIME_DECISION_LOG_DL_20260425_063_V1.md,.md,2155,50,5f5888629b74,decision_log;truth_review;common_cause;operator_handoff;release_runtime;evidence_matrix,# OPS_CONALOG_RUNTIME_DECISION_LOG_DL_20260425_063_V1,# OPS_CONALOG_RUNTIME_DECISION_LOG_DL_20260425_063_V1 || ## Decision || ## Why || ## Evidence || ## Impact || ## Next Required Action,,,,11,1,0,4,6,0,0,0,4
docs/OPS_CONALOG_RUNTIME_DECISION_LOG_DL_20260425_064_V1.md,.md,1990,47,4495e6710466,decision_log;gate_contract;truth_review;common_cause;operator_handoff;release_runtime;evidence_matrix,# OPS_CONALOG_RUNTIME_DECISION_LOG_DL_20260425_064_V1,# OPS_CONALOG_RUNTIME_DECISION_LOG_DL_20260425_064_V1 || ## Decision || ## Why || ## Evidence || ## Impact || ## Next Required Action,,,,5,4,0,3,6,0,0,0,4
docs/OPS_CONALOG_RUNTIME_DECISION_LOG_DL_20260425_065_V1.md,.md,1673,39,f8514ae98422,decision_log;gate_contract;project_eval;common_cause;operator_handoff;release_runtime;evidence_matrix,# OPS_CONALOG_RUNTIME_DECISION_LOG_DL_20260425_065_V1,# OPS_CONALOG_RUNTIME_DECISION_LOG_DL_20260425_065_V1 || ## Decision || ## Why || ## Evidence || ## Impact || ## Next Required Action,,,,3,2,0,2,6,0,0,0,5
docs/OPS_CONALOG_RUNTIME_DECISION_LOG_DL_20260425_066_V1.md,.md,1764,43,425201b0e5aa,decision_log;gate_contract;operator_handoff;release_runtime;evidence_matrix,# OPS_CONALOG_RUNTIME_DECISION_LOG_DL_20260425_066_V1,# OPS_CONALOG_RUNTIME_DECISION_LOG_DL_20260425_066_V1 || ## Decision || ## Why || ## Evidence || ## Impact || ## Next Required Action,,,,6,8,0,1,6,0,0,0,4
docs/OPS_CONALOG_RUNTIME_DECISION_LOG_DL_20260425_067_V1.md,.md,2145,45,525dab2e9873,decision_log;truth_review;operator_handoff;release_runtime;evidence_matrix,# OPS_CONALOG_RUNTIME_DECISION_LOG_DL_20260425_067_V1,# OPS_CONALOG_RUNTIME_DECISION_LOG_DL_20260425_067_V1 || ## Decision || ## Why || ## Evidence || ## Impact || ## Next Required Action,,,,10,12,0,1,5,0,0,0,7
docs/OPS_CONALOG_RUNTIME_DECISION_LOG_DL_20260425_068_V1.md,.md,1861,44,24381a33879a,decision_log;operator_handoff;release_runtime;evidence_matrix,# OPS_CONALOG_RUNTIME_DECISION_LOG_DL_20260425_068_V1,# OPS_CONALOG_RUNTIME_DECISION_LOG_DL_20260425_068_V1 || ## Decision || ## Why || ## Evidence || ## Impact || ## Next Required Action,,,,3,4,0,1,5,0,0,0,6
docs/OPS_CONALOG_RUNTIME_DECISION_LOG_DL_20260425_069_V1.md,.md,2303,50,ce4dac3a7a59,decision_log;operator_handoff;release_runtime;evidence_matrix,# OPS_CONALOG_RUNTIME_DECISION_LOG_DL_20260425_069_V1,# OPS_CONALOG_RUNTIME_DECISION_LOG_DL_20260425_069_V1 || ## Decision || ## Why || ## Evidence || ## Impact || ## Next Required Action,,,,6,7,0,1,5,0,0,0,4
docs/OPS_CONALOG_RUNTIME_DECISION_LOG_DL_20260425_070_V1.md,.md,2065,49,9b0a812026e2,decision_log;common_cause;operator_handoff;release_runtime;evidence_matrix,# OPS_CONALOG_RUNTIME_DECISION_LOG_DL_20260425_070_V1,# OPS_CONALOG_RUNTIME_DECISION_LOG_DL_20260425_070_V1 || ## Decision || ## Why || ## Evidence || ## Impact || ## Next Required Action,,,,4,5,0,2,2,0,0,0,5
docs/OPS_CONALOG_RUNTIME_DECISION_LOG_DL_20260425_071_V1.md,.md,2616,65,dcec5b56b990,decision_log;common_cause;release_runtime;topology_grouping,# OPS_CONALOG_RUNTIME_DECISION_LOG_DL_20260425_071_V1,# OPS_CONALOG_RUNTIME_DECISION_LOG_DL_20260425_071_V1 || ## Decision || ## Why || ## Evidence || ## Impact || ## Next Required Action,,,,5,6,0,3,3,0,0,0,5
docs/OPS_CONALOG_RUNTIME_DECISION_LOG_DL_20260425_072_V1.md,.md,2277,49,9c45bc3a5e4e,decision_log;performance_audit;operator_handoff;release_runtime;evidence_matrix,# OPS_CONALOG_RUNTIME_DECISION_LOG_DL_20260425_072_V1,# OPS_CONALOG_RUNTIME_DECISION_LOG_DL_20260425_072_V1 || ## Decision || ## Why || ## Evidence || ## Impact || ## Next Required Action,,,,3,3,0,1,3,2,0,0,4
docs/OPS_CONALOG_RUNTIME_DECISION_LOG_DL_20260425_073_V1.md,.md,2110,48,e5524cb3268e,decision_log;operator_handoff;release_runtime;evidence_matrix,# OPS_CONALOG_RUNTIME_DECISION_LOG_DL_20260425_073_V1,# OPS_CONALOG_RUNTIME_DECISION_LOG_DL_20260425_073_V1 || ## Decision || ## Why || ## Evidence || ## Impact || ## Next Required Action,,,,6,2,0,1,3,0,0,0,4
docs/OPS_CONALOG_RUNTIME_DECISION_LOG_DL_20260425_074_V1.md,.md,2341,53,1277091d3679,decision_log;truth_review;performance_audit;operator_handoff;release_runtime;evidence_matrix,# OPS_CONALOG_RUNTIME_DECISION_LOG_DL_20260425_074_V1,# OPS_CONALOG_RUNTIME_DECISION_LOG_DL_20260425_074_V1 || ## Decision || ## Why || ## Evidence || ## Impact || ## Next Required Action,,,,8,1,0,2,3,1,0,0,4
docs/OPS_CONALOG_RUNTIME_DECISION_LOG_DL_20260425_075_V1.md,.md,2102,50,cf57986442c8,decision_log;operator_handoff;release_runtime;evidence_matrix;maintenance_proxy,# OPS_CONALOG_RUNTIME_DECISION_LOG_DL_20260425_075_V1,# OPS_CONALOG_RUNTIME_DECISION_LOG_DL_20260425_075_V1 || ## Decision || ## Why || ## Evidence || ## Impact || ## Next Required Action,,,,6,2,0,3,3,0,0,0,4
docs/OPS_CONALOG_RUNTIME_DECISION_LOG_TEMPLATE_V1.md,.md,3910,115,e36f1875594e,decision_log;gate_contract;release_runtime;evidence_matrix,# OPS Conalog Runtime Decision Log Template V1,# OPS Conalog Runtime Decision Log Template V1 || ## 1. 목적 || ## 2. 언제 기록하는가 || ## 3. 상태 규칙 || ## 4. ID 규칙 || ## 5. 한 항목 작성 템플릿,,,,0,3,2,0,0,0,0,0,4
docs/OPS_CONALOG_RUNTIME_GATE1_GLOSSARY_V1.md,.md,9222,123,cc26f38fd018,gate_contract;operator_handoff;release_runtime;evidence_matrix,# OPS Conalog Runtime Gate 1 Glossary V1,# OPS Conalog Runtime Gate 1 Glossary V1 || ## 1. 목적 || ## 2. 사용 규칙 || ## 3. 상태 || ## 4. 핵심 용어 사전 || ## 5. 절대 혼용하면 안 되는 쌍,,,,1,11,5,3,6,0,0,0,9
docs/OPS_CONALOG_RUNTIME_GATE2A_OBSERVABILITY_EVIDENCE_MATRIX_V1.md,.md,14534,299,89a7a18c4f50,gate_contract;common_cause;operator_handoff;release_runtime;evidence_matrix;maintenance_proxy,# OPS_CONALOG_RUNTIME_GATE2A_OBSERVABILITY_EVIDENCE_MATRIX_V1,# OPS_CONALOG_RUNTIME_GATE2A_OBSERVABILITY_EVIDENCE_MATRIX_V1 || ## 1. 목적 || ## 2. 사용 규칙 || ## 3. 상태 || ## 4. 관측 축 분류 || ### 4.1 E0. 전기 상대 신호 축,,,,0,8,3,8,12,0,0,0,1
docs/OPS_CONALOG_RUNTIME_GATE2B_CANONICAL_MULTIAXIS_RESULT_MODEL_V1.md,.md,15790,414,894b355a8660,gate_contract;common_cause;operator_handoff;release_runtime;evidence_matrix;maintenance_proxy,# OPS_CONALOG_RUNTIME_GATE2B_CANONICAL_MULTIAXIS_RESULT_MODEL_V1,# OPS_CONALOG_RUNTIME_GATE2B_CANONICAL_MULTIAXIS_RESULT_MODEL_V1 || ## 1. 목적 || ## 2. 사용 규칙 || ## 3. 상태 || ## 4. 왜 canonical result model이 필요한가 || ## 5. canonical result object의 최상위 구조,,,,0,32,7,12,10,0,0,0,23
docs/OPS_CONALOG_RUNTIME_GATE2C_EXISTING_SIGNAL_SCORE_MAP_V1.md,.md,20823,367,ed9a387b31d7,gate_contract;performance_audit;common_cause;operator_handoff;release_runtime,# OPS_CONALOG_RUNTIME_GATE2C_EXISTING_SIGNAL_SCORE_MAP_V1,# OPS_CONALOG_RUNTIME_GATE2C_EXISTING_SIGNAL_SCORE_MAP_V1 || ## 1. 목적 || ## 2. 이 문서의 위치 || ## 3. 사용 규칙 || ## 4. 상태 || ## 5. 기본 원칙,,,,0,33,15,36,7,1,0,0,4
docs/OPS_CONALOG_RUNTIME_GATE2_SIGNAL_ROLE_MATRIX_V1.md,.md,10071,145,ca181be8131e,gate_contract;operator_handoff;release_runtime;evidence_matrix,# OPS Conalog Runtime Gate 2 Signal Role Matrix V1,# OPS Conalog Runtime Gate 2 Signal Role Matrix V1 || ## 1. 목적 || ## 2. 사용 규칙 || ## 3. 상태 || ## 4. 역할 분류 원칙 || ### 4.1 역할 축,,,,0,11,4,3,9,0,0,0,9
docs/OPS_CONALOG_RUNTIME_GATE3_PRECURSOR_PROMOTION_RULE_V1.md,.md,13144,275,ed8dc0ba7771,gate_contract;operator_handoff;release_runtime;evidence_matrix,# OPS Conalog Runtime Gate 3 Precursor Promotion Rule V1,# OPS Conalog Runtime Gate 3 Precursor Promotion Rule V1 || ## 1. 목적 || ## 2. 사용 규칙 || ## 3. 상태 || ## 4. 먼저 분리해야 하는 세 가지 질문 || ### 4.1 질문 A. 전조 흔적이 있는가,,,,0,20,3,9,4,0,0,0,3
docs/OPS_CONALOG_RUNTIME_GATE4A_EVENT_OPERATOR_SEMANTICS_CONTRACT_V1.md,.md,12603,300,2a9c8174041c,decision_log;gate_contract;operator_handoff;release_runtime;maintenance_proxy,# OPS_CONALOG_RUNTIME_GATE4A_EVENT_OPERATOR_SEMANTICS_CONTRACT_V1,# OPS_CONALOG_RUNTIME_GATE4A_EVENT_OPERATOR_SEMANTICS_CONTRACT_V1 || ## 1. 목적 || ## 2. 사용 규칙 || ## 3. 상태 || ## 4. 세 층의 정의 || ### 4.1 Layer A. runtime event semantics,,,,0,13,2,5,24,0,0,0,13
docs/OPS_CONALOG_RUNTIME_GATE4_HARD_EVIDENCE_BOUNDARY_V1.md,.md,12838,293,85aa8ddd0876,gate_contract;operator_handoff;release_runtime;evidence_matrix,# OPS Conalog Runtime Gate 4 Hard Evidence Boundary V1,# OPS Conalog Runtime Gate 4 Hard Evidence Boundary V1 || ## 1. 목적 || ## 2. 사용 규칙 || ## 3. 상태 || ## 4. 먼저 분리해야 하는 네 가지 질문 || ### 4.1 질문 A. 지금 강한 전기 신호가 있는가,,,,0,29,3,3,18,0,0,0,3
docs/OPS_CONALOG_RUNTIME_GATE5_ARTIFACT_SCHEMA_PATCH_CHECKLIST_V1.md,.md,8074,150,75a2a9dcbe23,decision_log;gate_contract;operator_handoff;release_runtime;evidence_matrix,# OPS_CONALOG_RUNTIME_GATE5_ARTIFACT_SCHEMA_PATCH_CHECKLIST_V1,# OPS_CONALOG_RUNTIME_GATE5_ARTIFACT_SCHEMA_PATCH_CHECKLIST_V1 || ## 1. 목적 || ## 2. 상위 기준 || ## 3. 범위 || ### 3.1 이번 체크리스트에 포함 || ### 3.2 이번 체크리스트에서 제외,,,,1,3,0,2,0,0,4,0,28
docs/OPS_CONALOG_RUNTIME_GATE5_OUTPUT_POLICY_V1.md,.md,20677,338,8435c2e98f79,decision_log;gate_contract;operator_handoff;release_runtime;evidence_matrix,# OPS Conalog Runtime Gate 5 Output Policy V1,"# OPS Conalog Runtime Gate 5 Output Policy V1 || ## 1. 목적 || ## 2. 사용 규칙 || ## 3. 상태 || ## 4. 출력 정책 원칙 || ### 4.1 one artifact, one universe",,,,1,17,5,0,11,0,0,0,66
docs/OPS_CONALOG_RUNTIME_GATE6B_TAXONOMY_ACTION_POLICY_LOCK_V1.md,.md,11258,360,b24a65e38382,decision_log;gate_contract;common_cause;operator_handoff;release_runtime;maintenance_proxy,# OPS_CONALOG_RUNTIME_GATE6B_TAXONOMY_ACTION_POLICY_LOCK_V1,# OPS_CONALOG_RUNTIME_GATE6B_TAXONOMY_ACTION_POLICY_LOCK_V1 || ## 1. 목적 || ## 2. 사용 규칙 || ## 3. 상태 || ## 4. Gate 6B가 잠그는 것 || ### 4.1 top-level operator-facing 결과 구조,,,,0,5,4,6,27,0,0,0,9
docs/OPS_CONALOG_RUNTIME_GATE6_TAXONOMY_ACTION_SURVEY_V1.md,.md,13822,367,ecc07f047e78,gate_contract;operator_handoff;release_runtime;maintenance_proxy,# OPS Conalog Runtime Gate 6 Taxonomy and Action Survey V1,# OPS Conalog Runtime Gate 6 Taxonomy and Action Survey V1 || ## 1. 목적 || ## 2. 왜 기존 초안이 너무 좁았는가 || ## 3. 사용 규칙 || ## 4. 상태 || ## 5. 현재 코드와 문서에 이미 존재하는 분류 축,,,,2,1,12,8,3,2,0,0,2
docs/OPS_CONALOG_RUNTIME_GATE7_IMPLEMENTATION_ORDER_LOCK_V1.md,.md,69442,853,e8f2c944ebe0,decision_log;gate_contract;operator_handoff;release_runtime;evidence_matrix,# OPS_CONALOG_RUNTIME_GATE7_IMPLEMENTATION_ORDER_LOCK_V1,"# OPS_CONALOG_RUNTIME_GATE7_IMPLEMENTATION_ORDER_LOCK_V1 || ## 1. 목적 || ## 2. 이 문서가 전제하는 상위 기준 || ## 3. 상태 || ## 4. 기본 원칙 || ### 4.1 문서 결정이 먼저, 코드 패치가 나중",,,,133,102,15,108,89,21,60,4,252
docs/OPS_CONALOG_STABLE_RUNTIME_MAPPING_NOTE_V1.md,.md,7808,83,5deeb83933eb,decision_log;operator_handoff;release_runtime;evidence_matrix,# OPS Conalog Stable Runtime Mapping Note V1,# OPS Conalog Stable Runtime Mapping Note V1 || ## 1. 목적 || ## 2. 전제 || ## 3. 두 경로의 역할 요약 || ## 4. 왜 둘을 같은 계약으로 읽으면 안 되는가 || ## 5. 대응 관계,,,,0,0,5,1,3,0,16,0,29
docs/OPS_CONALOG_STABLE_RUNTIME_MAPPING_SPEC_V1.md,.md,5757,79,012061132f9a,gate_contract;operator_handoff;release_runtime;evidence_matrix,# OPS Conalog Stable Runtime Mapping Spec V1,# OPS Conalog Stable Runtime Mapping Spec V1 || ## 1. 문서 역할 || ## 2. 비목표 || ## 3. canonical source 우선순위 || ## 4. 경계 규칙 || ## 5. field-level mapping,,,,0,0,2,1,5,0,10,0,23
docs/OPS_CRITICAL_ACTIONABILITY_F1.md,.md,1849,105,42fbeabadc4f,performance_audit;common_cause;maintenance_proxy,# OPS Critical Actionability F1,# OPS Critical Actionability F1 || ## Purpose || ## What Is Being Evaluated || ## Truth Modes || ### `strict` || ### `lenient`,,,,4,0,0,1,0,5,0,0,13
docs/OPS_CRITICAL_ACTIONABILITY_V3.md,.md,4971,185,8878da68c744,truth_review;common_cause;topology_grouping;maintenance_proxy,# OPS Critical Actionability V3,# OPS Critical Actionability V3 || ## Purpose || ## Scope Guard || ## Candidate Conservation || ## What Changes From V2 || ## Borderline Common-Cause Signals,,,,1,2,0,10,1,0,0,0,7
docs/OPS_CRITICAL_CASE_PACKETS_V5.md,.md,2236,106,4b0063392c70,truth_review;common_cause;maintenance_proxy,# OPS Critical Case Packets V5,# OPS Critical Case Packets V5 || ## Purpose || ## Scope Guard || ## Why V5 Exists || ## Sanity Flags || ### `cluster_leakage_flag`,,,,1,0,0,5,1,0,0,0,3
docs/OPS_CRITICAL_CASE_ROUTING_V4.md,.md,2227,104,ad45c63e5243,gate_contract;truth_review;common_cause;topology_grouping;maintenance_proxy,# OPS Critical Case Routing V4,# OPS Critical Case Routing V4 || ## Purpose || ## Scope Guard || ## Candidate Conservation || ## Routing Semantics || ### Outbound,,,,1,0,0,4,1,0,0,0,12
docs/OPS_CRITICAL_PHENOTYPE_SHADOW.md,.md,2415,110,336741892983,general_doc,# OPS Critical Phenotype Shadow,# OPS Critical Phenotype Shadow || ## Purpose || ## Candidate Conservation || ## Local Peak Anchor || ## Phenotypes || ## Initial Rule Intent,,,,3,0,0,0,1,0,0,0,4
docs/OPS_CRITICAL_PHENOTYPE_SHADOW_V2.md,.md,2802,117,750a909b8a82,common_cause;maintenance_proxy,# OPS Critical Phenotype Shadow V2,# OPS Critical Phenotype Shadow V2 || ## Purpose || ## Why Single-Day Anchor Was Insufficient || ## Window Consensus || ## Phenotypes || ## Actionability Separation,,,,1,7,0,1,1,0,0,0,0
docs/OPS_DAILY_CHECKLIST.md,.md,2622,72,55468073d622,release_runtime,# OPS Daily Checklist,# OPS Daily Checklist || ## 목적 || ## 아침 확인 순서 || ## 수동 재실행 방법 || ### 단일 사이트 || ### 전체 사이트,,,,0,0,0,0,0,0,0,0,16
docs/OPS_DAILY_REPORT_AUTOMATION_V1.md,.md,2221,53,2dc1cf49a3b9,gpvs_reference,# OPS Daily Report Automation V1,# OPS Daily Report Automation V1 || ## 1. 목적 || ## 2. daily report 에 포함되는 내용 || ## 3. stable vs optional sections || ## 4. 수동 생성 방법 || ## 5. one-click 연동,,,,0,0,0,2,0,0,0,0,2
docs/OPS_EPISODE_REVIEW.md,.md,3117,102,5fe09667ff40,common_cause,# OPS Episode Review,# OPS Episode Review || ## Purpose || ## Inputs || ## Selection Rules || ## Review Pack Fields || ## review_priority,,,,10,0,0,3,0,0,0,0,14
docs/OPS_EVENT_DATASET.md,.md,3086,94,a7abd0ba39ca,gate_contract;common_cause,# OPS Event Dataset,# OPS Event Dataset || ## Purpose || ## Inputs || ## Manual Weather Schema || ## Provenance / Confidence Aggregation || ## event_confidence_level Rule,,,,3,2,0,7,0,0,0,0,21
docs/OPS_FAULT_COVERAGE_AND_MODEL_PERFORMANCE_V1.md,.md,4429,43,cfb6c7f4394d,performance_audit;gpvs_reference;evidence_matrix,# OPS Fault Coverage And Model Performance V1,# OPS Fault Coverage And Model Performance V1 || ## 1. 보고 목적 || ## 2. 현재 알고리즘 스택 || ## 3. 입력 데이터와 학습/참조 자산 || ## 4. fault/anomaly 커버리지 1대1 매핑 || ## 5. 레이어별 성능지표 원칙,,,,1,5,0,3,0,14,0,0,12
docs/OPS_FAULT_VALIDATION_MATRIX_V1.md,.md,2727,44,abbbfb3932db,gate_contract;performance_audit;gpvs_reference,# OPS Fault Validation Matrix V1,# OPS Fault Validation Matrix V1 || ## validation purpose || ## core validation set || ## acceptance axes || ## surrogate tests || ## 현재 단계의 범위,,,,0,0,0,0,0,2,0,0,5
docs/OPS_FIELD_VALIDATION.md,.md,10627,349,e8eaec8bd372,truth_review;common_cause;topology_grouping,# OPS Field Validation,# OPS Field Validation || ## 목적 || ## 생성 절차 || ## field_truth_template.csv canonical columns || ## field_truth_template_meta.csv machine metadata columns || ## site_event_groups_latest.csv canonical columns,,,,36,12,0,4,0,0,0,0,32
docs/OPS_FINAL_DELIVERY_AND_CLOSEOUT_V1.md,.md,4291,45,fc6a3a70d7b2,project_eval;performance_audit;gpvs_reference;operator_handoff;release_runtime;evidence_matrix,# OPS Final Delivery And Closeout V1,# OPS Final Delivery And Closeout V1 || ## 1. 목적 || ## 2. 현재 포함 범위 || ## 3. stable / reference-only / triage-only 경계 || ## 4. 최종 release 절차 || ## 5. closeout 절차,,,,0,1,0,2,0,2,3,0,4
docs/OPS_FULL_ALGORITHM_F1_V1.md,.md,2777,133,a39397a0902c,performance_audit;common_cause;gpvs_reference;topology_grouping;maintenance_proxy,# OPS Full Algorithm F1 V1,# OPS Full Algorithm F1 V1 || ## Purpose || ## Why This Differs From Vendor-Only F1 || ## Inputs || ## Truth Mapping || ## Prediction Modes,,,,4,0,0,1,0,10,0,0,17
docs/OPS_FULL_ALGORITHM_F1_V2.md,.md,4466,185,00b8d235fe77,performance_audit;gpvs_reference,# OPS Full Algorithm F1 V2,# OPS Full Algorithm F1 V2 || ## Purpose || ## Why V1 Was Not Enough || ## Why Hybrid Truth Is Necessary || ## Inputs || ## Hybrid Truth Precedence,,,,27,0,0,1,0,11,0,0,18
docs/OPS_FULL_ALGORITHM_F1_V3.md,.md,4889,219,44d651cd57b7,performance_audit;common_cause;maintenance_proxy,# OPS Full Algorithm F1 V3,# OPS Full Algorithm F1 V3 || ## Purpose || ## Why V2 Under-Covered Prediction Space || ## What V3 Changes || ## Hybrid Truth Precedence || ### Manual Truth Mapping,,,,16,2,0,4,0,6,0,0,11
docs/OPS_GPVS_EXTERNAL_DATA_INVENTORY_V1.md,.md,4491,56,dabdd948f452,project_eval;performance_audit;gpvs_reference;evidence_matrix,# OPS GPVS External Data Inventory V1,# OPS GPVS External Data Inventory V1 || ## 1. 문서 목적 || ## 2. 실제 사용한 GPVS 자산 || ## 3. recovered by-type artifact 현황 || ## 4. GPVS가 현재 기여하는 것 || ## 5. GPVS가 현재 하지 않는 것,,,,0,9,0,5,0,1,0,0,12
docs/OPS_GPVS_FAULT_FAMILY_F1.md,.md,4613,148,4db06c573ba2,performance_audit;common_cause;gpvs_reference,# OPS GPVS Fault Family F1,# OPS GPVS Fault Family F1 || ## Purpose || ## Inputs || ## Evaluation Scope || ## Truth Mapping || ## Prediction Mapping,,,,4,4,0,1,0,13,0,0,18
docs/OPS_GROUPING_EQUIVALENCE.md,.md,2090,76,cdaa92397626,gate_contract;topology_grouping,# OPS Grouping Equivalence,# OPS Grouping Equivalence || ## Purpose || ## Inputs || ## Candidate Groupings || ## Outputs || ### site_grouping_equivalence_latest.csv,,,,1,1,0,0,0,0,0,0,15
docs/OPS_HANDOFF.md,.md,4192,112,53e70fe77379,common_cause;operator_handoff;release_runtime;topology_grouping,# OPS Handoff,# OPS Handoff || ## 목적 || ## bundle 포함 기준 || ## daily operation 순서 || ## phenotype publish || ## daily history,,,,0,0,0,1,1,0,2,0,31
docs/OPS_HISTORICAL_BACKFILL_GUIDE_V1.md,.md,3018,89,1639be144fda,gpvs_reference,# OPS Historical Backfill Guide V1,# OPS Historical Backfill Guide V1 || ## 목적 || ## 기본 진입점 || ## 지원 인자 || ## dry-run 먼저 사용 || ## operational vs eval,,,,2,0,0,14,0,0,0,0,19
docs/OPS_HISTORY.md,.md,2143,44,5f434206b94d,performance_audit;release_runtime;topology_grouping,# OPS History,# OPS History || ## 왜 latest만으로 부족한가 || ## 파일 의미 || ### `alert_history.csv` || ### `new_alerts_today.csv` || ### `resolved_alerts_today.csv`,,,,0,0,0,0,0,1,0,0,17
docs/OPS_MAINTENANCE_GAP_AUDIT_V1.md,.md,5164,154,e5641a654f08,performance_audit;topology_grouping;maintenance_proxy,# OPS Maintenance Gap Audit V1,# OPS Maintenance Gap Audit V1 || ## Why This Exists || ## Why Maintenance Still Has FN Rows || ## Audit Universe || ## Joined Context || ## Gap Buckets,,,,1,0,0,2,0,5,0,0,20
docs/OPS_MAINTENANCE_PROMOTION_PROXY_AUDIT_V1.md,.md,4186,131,bfb9294122a8,performance_audit;maintenance_proxy,# OPS Maintenance Promotion Proxy Audit V1,# OPS Maintenance Promotion Proxy Audit V1 || ## Why This Exists || ## Why Strict-Backed Shadow Cannot Be Copied Directly Into Official Rules || ## Audit Universe || ## `target_proxy_tier` Is Audit-Only || ## Why This Stage Uses Algorithm-Side Features Only,,,,2,0,0,0,0,12,0,0,12
docs/OPS_MAINTENANCE_PROXY_CLUSTER_AUDIT_V1.md,.md,4252,124,b0a4bdde4f4b,performance_audit;common_cause;maintenance_proxy,# OPS_MAINTENANCE_PROXY_CLUSTER_AUDIT_V1,# OPS_MAINTENANCE_PROXY_CLUSTER_AUDIT_V1 || ## Purpose || ## Why The Numeric Result Was Not Enough || ## Why Site Event vs Group Cluster Granularity Matters || ### Site Event || ### Group Cluster,,,,2,0,0,13,0,2,0,0,15
docs/OPS_MAINTENANCE_PROXY_EVENT_OVERLAP_AUDIT_V1.md,.md,4218,133,c14bb262ed55,common_cause;maintenance_proxy,# OPS_MAINTENANCE_PROXY_EVENT_OVERLAP_AUDIT_V1,# OPS_MAINTENANCE_PROXY_EVENT_OVERLAP_AUDIT_V1 || ## Purpose || ## Why This Check Comes Next || ## Audit Universe || ## Event-Frame Overlap || ## Alert-Episode Overlap,,,,0,0,0,10,0,0,0,0,16
docs/OPS_MAINTENANCE_PROXY_EVENT_TIMING_AUDIT_V2.md,.md,3463,102,09f9fffb5119,common_cause;maintenance_proxy,# OPS_MAINTENANCE_PROXY_EVENT_TIMING_AUDIT_V2,# OPS_MAINTENANCE_PROXY_EVENT_TIMING_AUDIT_V2 || ## Purpose || ## Why Overlap V1 Could Over-Call Redundancy || ## Exact vs Window Semantics || ## Timing Classification || ## Recommended Disposition,,,,0,2,0,5,0,0,0,0,8
docs/OPS_MAINTENANCE_PROXY_SHADOW_F1_V1.md,.md,5001,163,477603f46e25,truth_review;performance_audit;maintenance_proxy,# OPS_MAINTENANCE_PROXY_SHADOW_F1_V1,# OPS_MAINTENANCE_PROXY_SHADOW_F1_V1 || ## 목적 || ## 왜 same-group collapse를 본다 || ## 왜 여전히 shadow-only인가 || ## truth 계약 || ## proxy 입력,,,,8,0,0,2,0,9,0,0,10
docs/OPS_MAINTENANCE_SHADOW_F1_V1.md,.md,4619,149,54d37fb82e73,performance_audit;maintenance_proxy,# OPS Maintenance Shadow F1 V1,"# OPS Maintenance Shadow F1 V1 || ## Why This Exists || ## Shadow-Only, Not An Upstream Rule Change || ## Why Maintenance Gap Audit Came First || ## Truth Logic || ## Scenarios",,,,11,0,0,0,0,9,0,0,15
docs/OPS_MERGE_READINESS_PACK_V1.md,.md,2964,93,a9d9d040086d,truth_review;operator_handoff;evidence_matrix,# OPS_MERGE_READINESS_PACK_V1,# OPS_MERGE_READINESS_PACK_V1 || ## Purpose || ## Why Frozen Baseline Plus Handoff Is Not Enough By Itself || ## What The Four Worktree Classes Mean || ## When The Branch Is Truly Safe To Merge Or Archive || ## Why Generated `_share` Artifacts And Known Unrelated Dirty Files Should Not Block By Themselves,,,,1,0,0,0,0,0,4,0,17
docs/OPS_ONECLICK_OPERATION_GUIDE_V1.md,.md,2713,77,04e03bf190b9,gpvs_reference;operator_handoff;release_runtime,# OPS One-Click Operation Guide V1,# OPS One-Click Operation Guide V1 || ## 1. 목적 || ## 2. one-click 이 하는 일 || ## 3. required paths / config || ## 4. stable vs experimental output || ## 5. CLI usage,,,,0,1,0,11,0,0,1,0,21
docs/OPS_PANEL_DAY_CORE_DUPLICATE_AUDIT_V1.md,.md,2801,82,e286b3000449,truth_review;evidence_matrix;topology_grouping,# OPS_PANEL_DAY_CORE_DUPLICATE_AUDIT_V1,# OPS_PANEL_DAY_CORE_DUPLICATE_AUDIT_V1 || ## Purpose || ## Why The Evidence-Matrix Build Failed Loudly || ## Why Silent Dedupe Is Unsafe Before Classification || ## What `exact_duplicate_group` And `conflicting_duplicate_group` Mean || ## What Evidence Is Needed Before Choosing A Normalization Policy,,,,1,5,0,0,0,0,0,0,10
docs/OPS_PANEL_DAY_CORE_DUPLICATE_RESOLUTION_AUDIT_V2.md,.md,3638,102,2acb34d30abc,truth_review;common_cause;evidence_matrix,# OPS_PANEL_DAY_CORE_DUPLICATE_RESOLUTION_AUDIT_V2,# OPS_PANEL_DAY_CORE_DUPLICATE_RESOLUTION_AUDIT_V2 || ## Purpose || ## Why V1 Duplicate Audit Was Necessary But Insufficient || ## Why All Non-Key Differences Are Not Equally Important || ## Why Evidence-Critical Columns Are The Right Comparison Frame || ## Why `numeric_jitter_duplicate` Should Not Be Auto-Collapsed Yet,,,,1,12,0,1,0,0,0,0,9
docs/OPS_PANEL_DAY_CORE_NORMALIZED_V1.md,.md,3375,92,be1c052a3430,truth_review;evidence_matrix,# OPS_PANEL_DAY_CORE_NORMALIZED_V1,# OPS_PANEL_DAY_CORE_NORMALIZED_V1 || ## Purpose || ## Why Raw Source Files Are Not Modified || ## Why Only Safe Duplicate Classes Are Normalized || ## Why `numeric_jitter_duplicate` And `material_conflict_duplicate` Still Block Normalization || ## How Representative Rows Are Chosen Deterministically,,,,1,8,0,0,0,0,1,0,18
docs/OPS_PANEL_DAY_ENGINE_ALGORITHM_ROLE_GAP_PACK_V1.md,.md,4586,159,4ee127c5ac3e,truth_review;project_eval;performance_audit;common_cause;operator_handoff;evidence_matrix,# OPS PANEL DAY ENGINE ALGORITHM ROLE GAP PACK V1,# OPS PANEL DAY ENGINE ALGORITHM ROLE GAP PACK V1 || ## Purpose || ## Why This Is The Right Next Step || ## Inputs || ## Outputs || ## Core Interpretation,,,,3,0,0,3,0,2,4,1,22
docs/OPS_PANEL_DAY_ENGINE_BRANCH_INVENTORY_AND_FAULT_TAXONOMY_V1.md,.md,2192,58,0d245b0283cd,performance_audit;common_cause;operator_handoff;evidence_matrix,# OPS_PANEL_DAY_ENGINE_BRANCH_INVENTORY_AND_FAULT_TAXONOMY_V1,# OPS_PANEL_DAY_ENGINE_BRANCH_INVENTORY_AND_FAULT_TAXONOMY_V1 || ## 왜 지금 full branch inventory가 필요한가 || ## 왜 fault taxonomy가 onset / performance 평가보다 먼저 와야 하나 || ## recommended_eval_bucket 사용법 || ### precursor_bearing || ### abrupt_or_no_precursor,,,,2,2,0,1,0,6,0,0,1
docs/OPS_PANEL_DAY_ENGINE_CAUSE_CANDIDATE_HEURISTICS_V1.md,.md,5078,88,fc7e9fcd9b24,mlpe_field_trial;gpvs_reference,# OPS_PANEL_DAY_ENGINE_CAUSE_CANDIDATE_HEURISTICS_V1,# OPS_PANEL_DAY_ENGINE_CAUSE_CANDIDATE_HEURISTICS_V1 || ## 목적 || ## 입력 || ## 출력 || ## 해석 원칙 || ## canonical candidate universe,,,,0,2,0,3,1,0,0,0,17
docs/OPS_PANEL_DAY_ENGINE_COMMON_CAUSE_BREADTH_MARKER_AUDIT_V1.md,.md,3275,102,e323d8f3db5e,mlpe_field_trial;common_cause,# OPS_PANEL_DAY_ENGINE_COMMON_CAUSE_BREADTH_MARKER_AUDIT_V1,# OPS_PANEL_DAY_ENGINE_COMMON_CAUSE_BREADTH_MARKER_AUDIT_V1 || ## 목적 || ## 왜 routing gap audit 다음 단계가 breadth marker 시험인가 || ## 왜 current marker만으로는 부족해 보이나 || ## 왜 positive capture vs contamination tradeoff가 핵심인가 || ## 시험하는 breadth marker family,,,,1,0,0,8,0,0,0,0,0
docs/OPS_PANEL_DAY_ENGINE_COMMON_CAUSE_BREADTH_RETROFIT_AUDIT_V1.md,.md,3161,101,789b1adcb170,mlpe_field_trial;common_cause,# OPS_PANEL_DAY_ENGINE_COMMON_CAUSE_BREADTH_RETROFIT_AUDIT_V1,# OPS_PANEL_DAY_ENGINE_COMMON_CAUSE_BREADTH_RETROFIT_AUDIT_V1 || ## 목적 || ## 왜 첫 breadth audit만으로는 부족했나 || ## 왜 tied candidate는 prevalence/parsimony 비교가 필요한가 || ## 왜 narrower same-day / single-source candidate가 선호될 수 있나 || ## 추천 규칙 선택 기준,,,,0,0,0,4,0,0,0,0,0
docs/OPS_PANEL_DAY_ENGINE_COMMON_CAUSE_DESCRIPTIVE_RETROFIT_V1.md,.md,2850,78,b06f8f6f6ee1,common_cause,# OPS_PANEL_DAY_ENGINE_COMMON_CAUSE_DESCRIPTIVE_RETROFIT_V1,# OPS_PANEL_DAY_ENGINE_COMMON_CAUSE_DESCRIPTIVE_RETROFIT_V1 || ## 목적 || ## 왜 candidate selection만으로는 부족했나 || ## 왜 이건 detector change가 아니라 descriptive retrofit인가 || ## 어떤 결과면 step 4를 “completed v2”라고 부를 수 있나 || ## 어떤 결과면 common-cause를 계속 descriptive-only로 둬야 하나,,,,0,0,0,6,0,0,0,0,0
docs/OPS_PANEL_DAY_ENGINE_COMMON_CAUSE_ROUTING_GAP_AUDIT_V1.md,.md,4062,104,4d2d91af1459,common_cause,# OPS_PANEL_DAY_ENGINE_COMMON_CAUSE_ROUTING_GAP_AUDIT_V1,# OPS_PANEL_DAY_ENGINE_COMMON_CAUSE_ROUTING_GAP_AUDIT_V1 || ## 목적 || ## 왜 non_panel_or_common_cause가 step 4의 약점이었나 || ## 왜 current marker가 부족할 수 있나 || ## 왜 breadth와 timing misalignment를 함께 보나 || ## routing_gap_class 해석,,,,6,1,0,18,0,0,0,0,0
docs/OPS_PANEL_DAY_ENGINE_DETAILED_FAULT_BRIDGE_AUDIT_V1.md,.md,3706,86,1b1d86029722,gpvs_reference;topology_grouping,# OPS_PANEL_DAY_ENGINE_DETAILED_FAULT_BRIDGE_AUDIT_V1,# OPS_PANEL_DAY_ENGINE_DETAILED_FAULT_BRIDGE_AUDIT_V1 || ## 목적 || ## 중요한 구분 || ## 입력 || ## 기준 universe || ## 기준일 규칙,,,,0,0,0,0,0,1,0,0,23
docs/OPS_PANEL_DAY_ENGINE_FAULT_PANEL_EVENT_AUDIT_V1.md,.md,5206,105,c533dd7274ff,gate_contract,# OPS_PANEL_DAY_ENGINE_FAULT_PANEL_EVENT_AUDIT_V1,# OPS_PANEL_DAY_ENGINE_FAULT_PANEL_EVENT_AUDIT_V1 || ## 목적 || ## 입력 || ## 출력 || ## Base Universe || ## 명시 규칙,,,,1,3,0,0,0,0,0,0,19
docs/OPS_PANEL_DAY_ENGINE_FAULT_TAXONOMY_LITERATURE_CROSSWALK_V1.md,.md,4797,103,275fb21ce63c,performance_audit;common_cause,# OPS_PANEL_DAY_ENGINE_FAULT_TAXONOMY_LITERATURE_CROSSWALK_V1,# OPS_PANEL_DAY_ENGINE_FAULT_TAXONOMY_LITERATURE_CROSSWALK_V1 || ## 왜 branch-grounded taxonomy v1만으로는 부족했는가 || ## 왜 literature crosswalk가 필요한가 || ## eval_bucket_v2 사용법 || ### 1) precursor_bearing_detectable_now || ### 2) precursor_capable_but_not_detectable_now,,,,3,4,0,3,0,3,0,0,0
docs/OPS_PANEL_DAY_ENGINE_GPVS_BYTYPE_PROVENANCE_AUDIT_V1.md,.md,4798,82,2d90f6374812,gate_contract;gpvs_reference;evidence_matrix,# OPS_PANEL_DAY_ENGINE_GPVS_BYTYPE_PROVENANCE_AUDIT_V1,# OPS_PANEL_DAY_ENGINE_GPVS_BYTYPE_PROVENANCE_AUDIT_V1 || ## 목적 || ## 왜 필요한가 || ## 입력 || ## front-facing schema와 provenance 분리 || ## 핵심 점검 항목,,,,0,0,0,0,0,0,5,0,30
docs/OPS_PANEL_DAY_ENGINE_GPVS_BYTYPE_REBUILD_EXPORT_V1.md,.md,2541,51,9ff847562014,gpvs_reference;evidence_matrix,# OPS_PANEL_DAY_ENGINE_GPVS_BYTYPE_REBUILD_EXPORT_V1,# OPS_PANEL_DAY_ENGINE_GPVS_BYTYPE_REBUILD_EXPORT_V1 || ## 목적 || ## 기본 원칙 || ## 재구성 우선순위 || ## export 산출물 || ## parity 의미,,,,0,0,0,0,0,0,1,0,15
docs/OPS_PANEL_DAY_ENGINE_GPVS_DETAILED_TYPE_INFERENCE_AUDIT_V1.md,.md,6990,134,9e5a1a5084e1,gpvs_reference;evidence_matrix,# OPS_PANEL_DAY_ENGINE_GPVS_DETAILED_TYPE_INFERENCE_AUDIT_V1,# OPS_PANEL_DAY_ENGINE_GPVS_DETAILED_TYPE_INFERENCE_AUDIT_V1 || ## 목적 || ## 왜 별도 audit 인가 || ## 입력 || ## 모델 경로 || ## real-panel feature 재구성,,,,0,0,0,0,0,8,1,0,34
docs/OPS_PANEL_DAY_ENGINE_GPVS_DETAILED_TYPE_INFERENCE_V1.md,.md,4173,89,b70f5b5c81b6,performance_audit;gpvs_reference;evidence_matrix;topology_grouping,# OPS_PANEL_DAY_ENGINE_GPVS_DETAILED_TYPE_INFERENCE_V1,# OPS_PANEL_DAY_ENGINE_GPVS_DETAILED_TYPE_INFERENCE_V1 || ## 목적 || ## 입력 || ## 핵심 규칙 || ## 상태값 || ## 출력,,,,0,0,0,0,0,1,0,0,26
docs/OPS_PANEL_DAY_ENGINE_GPVS_EVIDENCE_PACK_V1.md,.md,3458,57,b720bd87d4c9,gpvs_reference,# OPS_PANEL_DAY_ENGINE_GPVS_EVIDENCE_PACK_V1,# OPS_PANEL_DAY_ENGINE_GPVS_EVIDENCE_PACK_V1 || ## 목적 || ## 입력 || ## 출력 || ## 구성 원칙 || ## 해석 원칙,,,,0,8,5,5,0,1,0,0,29
docs/OPS_PANEL_DAY_ENGINE_GPVS_MLPE_COMPATIBILITY_AUDIT_V1.md,.md,4055,60,2eb28ebd7e86,project_eval;gpvs_reference;operator_handoff;evidence_matrix,# OPS_PANEL_DAY_ENGINE_GPVS_MLPE_COMPATIBILITY_AUDIT_V1,# OPS_PANEL_DAY_ENGINE_GPVS_MLPE_COMPATIBILITY_AUDIT_V1 || ## 목적 || ## 왜 필요한가 || ## 입력 || ## front-facing schema 단순화 대응 || ## 출력,,,,0,0,11,3,0,0,4,0,27
docs/OPS_PANEL_DAY_ENGINE_GPVS_MLPE_FAULT_MATCHING_V1.md,.md,2779,53,45b1f7a414c7,performance_audit;gpvs_reference;evidence_matrix,# OPS_PANEL_DAY_ENGINE_GPVS_MLPE_FAULT_MATCHING_V1,# OPS_PANEL_DAY_ENGINE_GPVS_MLPE_FAULT_MATCHING_V1 || ## 목적 || ## 입력 || ## front-facing schema 단순화 대응 || ## canonical code 정규화 || ## 출력,,,,0,0,9,4,0,5,0,0,20
docs/OPS_PANEL_DAY_ENGINE_GPVS_PANEL_ATTACH_AUDIT_V1.md,.md,3087,56,e0d387f3d139,gate_contract;gpvs_reference;evidence_matrix;topology_grouping,# OPS_PANEL_DAY_ENGINE_GPVS_PANEL_ATTACH_AUDIT_V1,# OPS_PANEL_DAY_ENGINE_GPVS_PANEL_ATTACH_AUDIT_V1 || ## 목적 || ## 왜 이 audit 이 필요한가 || ## 입력 || ## 판정 기준 || ## 출력,,,,0,0,0,0,0,0,0,0,17
docs/OPS_PANEL_DAY_ENGINE_GPVS_PANEL_KEY_BRIDGE_AUDIT_V1.md,.md,4163,77,dcf577d75096,gpvs_reference;evidence_matrix;topology_grouping,# OPS_PANEL_DAY_ENGINE_GPVS_PANEL_KEY_BRIDGE_AUDIT_V1,# OPS_PANEL_DAY_ENGINE_GPVS_PANEL_KEY_BRIDGE_AUDIT_V1 || ## 목적 || ## 입력 || ## 왜 이 audit 이 필요한가 || ## 시험하는 규칙 || ## 안전성 기준,,,,0,0,0,0,0,0,0,0,17
docs/OPS_PANEL_DAY_ENGINE_INTEGRATED_RESULT_TABLE_V1.md,.md,2908,56,0abe9f62e753,gpvs_reference,# OPS_PANEL_DAY_ENGINE_INTEGRATED_RESULT_TABLE_V1,# OPS_PANEL_DAY_ENGINE_INTEGRATED_RESULT_TABLE_V1 || ## 목적 || ## 입력 || ## 출력 || ## 컬럼 원칙 || ## 표시용 원인명,,,,0,7,0,0,1,0,0,0,15
docs/OPS_PANEL_DAY_ENGINE_INTERNAL_SHARE_APPENDIX_V1.md,.md,8636,224,1e04d7ef3797,project_eval;performance_audit;operator_handoff;evidence_matrix,# OPS PANEL DAY ENGINE INTERNAL SHARE APPENDIX V1,# OPS PANEL DAY ENGINE INTERNAL SHARE APPENDIX V1 || ## Purpose || ## Important Boundary || ## Inputs || ## Outputs || ## Abrupt6 Symptom Map,,,,5,4,0,2,0,5,1,2,52
docs/OPS_PANEL_DAY_ENGINE_INTERNAL_SHARE_CASE_AND_METRICS_V1.md,.md,3106,57,0703c14c0b75,project_eval;performance_audit;common_cause,# OPS_PANEL_DAY_ENGINE_INTERNAL_SHARE_CASE_AND_METRICS_V1,# OPS_PANEL_DAY_ENGINE_INTERNAL_SHARE_CASE_AND_METRICS_V1 || ## 목적 || ## 왜 별도 pack 이 필요한가 || ## 사례 판정 로직 || ## 주된 이상유형 추정 || ## 최신 성능 표 해석,,,,0,0,0,3,0,4,0,0,7
docs/OPS_PANEL_DAY_ENGINE_INTERNAL_SHARE_CLEAN_PACK_V1.md,.md,4490,165,e59cf6e9220c,performance_audit;operator_handoff;evidence_matrix,# OPS PANEL DAY ENGINE INTERNAL SHARE CLEAN PACK V1,# OPS PANEL DAY ENGINE INTERNAL SHARE CLEAN PACK V1 || ## Purpose || ## Important Boundary || ## Inputs || ## Outputs || ## What This Pack Consolidates,,,,0,0,0,3,0,3,2,0,50
docs/OPS_PANEL_DAY_ENGINE_LOCAL_PRECURSOR_COHORT_AUDIT_V1.md,.md,5170,121,9660216326f0,evidence_matrix,# OPS_PANEL_DAY_ENGINE_LOCAL_PRECURSOR_COHORT_AUDIT_V1,# OPS_PANEL_DAY_ENGINE_LOCAL_PRECURSOR_COHORT_AUDIT_V1 || ## 목적 || ## 왜 unlimited any-prior matching이 misleading한가 || ## 왜 30-day bounded window가 더 해석 가능성이 높은가 || ## stale alert를 왜 따로 분리해야 하는가 || ## fault anchor를 왜 `final_fault` 기준으로 두는가,,,,2,0,0,0,1,1,0,0,4
docs/OPS_PANEL_DAY_ENGINE_LOCAL_PRECURSOR_DECISION_PATH_AUDIT_V1.md,.md,5348,154,4b85201485ee,gate_contract;evidence_matrix,# OPS_PANEL_DAY_ENGINE_LOCAL_PRECURSOR_DECISION_PATH_AUDIT_V1,# OPS_PANEL_DAY_ENGINE_LOCAL_PRECURSOR_DECISION_PATH_AUDIT_V1 || ## 목적 || ## 왜 threshold/suppressor replay 다음에 decision path audit가 맞는가 || ## 왜 helper output을 현재 engine alert의 ground truth로 쓰는가 || ## 왜 unavailable internal gate는 guessed 하면 안 되는가 || ## proxy와 unavailable의 경계,,,,2,0,0,0,1,0,0,0,4
docs/OPS_PANEL_DAY_ENGINE_LOCAL_PRECURSOR_ELIGIBILITY_AUDIT_V1.md,.md,4017,79,0c5962e14376,evidence_matrix,# OPS_PANEL_DAY_ENGINE_LOCAL_PRECURSOR_ELIGIBILITY_AUDIT_V1,# OPS_PANEL_DAY_ENGINE_LOCAL_PRECURSOR_ELIGIBILITY_AUDIT_V1 || ## 목적 || ## 왜 필요한가 || ## 입력과 기준 || ## temporality class 정의 || ### 1) progressive_local_precursor_expected,,,,1,0,0,1,1,1,0,0,11
docs/OPS_PANEL_DAY_ENGINE_LOCAL_PRECURSOR_GATE_PERSISTENCE_V1.md,.md,5218,96,681ebf1f2b58,gate_contract;common_cause,# OPS_PANEL_DAY_ENGINE_LOCAL_PRECURSOR_GATE_PERSISTENCE_V1,# OPS_PANEL_DAY_ENGINE_LOCAL_PRECURSOR_GATE_PERSISTENCE_V1 || ## 목적 || ## 왜 필요한가 || ## 무엇을 추가하는가 || ## 중요한 경계 || ## 왜 helper sidecar가 맞는가,,,,0,0,0,12,1,0,0,0,15
docs/OPS_PANEL_DAY_ENGINE_LOCAL_PRECURSOR_MISS_AUDIT_V1.md,.md,4889,129,4f0b0a9f3917,common_cause,# OPS_PANEL_DAY_ENGINE_LOCAL_PRECURSOR_MISS_AUDIT_V1,# OPS_PANEL_DAY_ENGINE_LOCAL_PRECURSOR_MISS_AUDIT_V1 || ## 목적 || ## 왜 bounded miss audit가 바로 다음 질문인가 || ## persisted raw signal은 왜 partial window인가 || ## raw signal day 정의 || ## miss_reason_class 의미,,,,0,3,0,4,0,0,0,0,5
docs/OPS_PANEL_DAY_ENGINE_LOCAL_PRECURSOR_SHADOW_V1.md,.md,3656,91,8a4dc51c82de,gate_contract;common_cause;evidence_matrix,# OPS_PANEL_DAY_ENGINE_LOCAL_PRECURSOR_SHADOW_V1,# OPS_PANEL_DAY_ENGINE_LOCAL_PRECURSOR_SHADOW_V1 || ## 목적 || ## 왜 필요한가 || ## 이 shadow가 하는 일 || ## 이 shadow가 답할 수 있는 질문 || ## 아직 답할 수 없는 것,,,,0,1,0,4,2,0,0,0,11
docs/OPS_PANEL_DAY_ENGINE_LOCAL_PRECURSOR_THRESHOLD_REPLAY_V1.md,.md,4973,124,b45e6c1c4a34,common_cause;evidence_matrix,# OPS_PANEL_DAY_ENGINE_LOCAL_PRECURSOR_THRESHOLD_REPLAY_V1,# OPS_PANEL_DAY_ENGINE_LOCAL_PRECURSOR_THRESHOLD_REPLAY_V1 || ## 목적 || ## 왜 shadow replay인가 || ## 왜 hit recovery alone이 충분하지 않은가 || ## 왜 nuisance trigger rate가 중요한가 || ## 왜 fault_start_source stratification이 중요한가,,,,0,0,0,1,1,1,0,0,1
docs/OPS_PANEL_DAY_ENGINE_LOCAL_SEED_CARRY_FATE_AUDIT_V1.md,.md,2021,29,f1864b93aa72,operator_handoff,# OPS_PANEL_DAY_ENGINE_LOCAL_SEED_CARRY_FATE_AUDIT_V1,# OPS_PANEL_DAY_ENGINE_LOCAL_SEED_CARRY_FATE_AUDIT_V1 || ## 왜 direct adjudication 대신 retrospective fate를 보나 || ## 각 fate_class 의미 || ## 왜 이게 다음 proxy로 맞나 || ## 어떤 결과가 다음 결정을 정당화하나,,,,8,0,0,0,1,0,0,0,0
docs/OPS_PANEL_DAY_ENGINE_NON_PRECURSOR_PERFORMANCE_AUDIT_V1.md,.md,3684,92,1a53a03ba268,performance_audit;common_cause,# OPS_PANEL_DAY_ENGINE_NON_PRECURSOR_PERFORMANCE_AUDIT_V1,# OPS_PANEL_DAY_ENGINE_NON_PRECURSOR_PERFORMANCE_AUDIT_V1 || ## 목적 || ## 왜 step 4는 bucket별로 나눠야 하나 || ## 왜 abrupt/no-precursor는 detection timing 문제인가 || ## benchmark reset 이후 abrupt 분모 || ## 왜 non-panel/common-cause는 routing/classification 문제인가,,,,2,1,0,7,0,6,0,0,0
docs/OPS_PANEL_DAY_ENGINE_OPERATOR_ATTENTION_DELTA_V1.md,.md,4237,74,4c7f6cf44c7a,operator_handoff;evidence_matrix;topology_grouping,# OPS_PANEL_DAY_ENGINE_OPERATOR_ATTENTION_DELTA_V1,# OPS_PANEL_DAY_ENGINE_OPERATOR_ATTENTION_DELTA_V1 || ## 목적 || ## 왜 delta feed가 필요한가 || ## 왜 panel-level key를 쓰는가 || ## 입력과 출력 || ## first-run bootstrap,,,,0,0,0,0,1,0,0,0,13
docs/OPS_PANEL_DAY_ENGINE_OPERATOR_ATTENTION_PLUS_DISCOVERY_PREVIEW_V1.md,.md,4903,87,31ef8cdad2ad,operator_handoff;evidence_matrix,# OPS PANEL DAY ENGINE OPERATOR ATTENTION PLUS DISCOVERY PREVIEW V1,# OPS PANEL DAY ENGINE OPERATOR ATTENTION PLUS DISCOVERY PREVIEW V1 || ## Why The Secondary Discovery Value Lane Now Looks Worth Preserving || ## Why Preview Integration Comes Before Baseline Replacement || ## Why Queue / Watch Remain The Primary Baseline || ## How To Interpret `secondary_value_panel` Rows || ## Why The Current Narrow Recommendation Is Score-Threshold Based,,,,2,3,0,0,5,0,0,0,4
docs/OPS_PANEL_DAY_ENGINE_OPERATOR_ATTENTION_POLICY_AUDIT_V1.md,.md,4118,99,9ef2ffddd5fd,operator_handoff;evidence_matrix,# OPS_PANEL_DAY_ENGINE_OPERATOR_ATTENTION_POLICY_AUDIT_V1,# OPS_PANEL_DAY_ENGINE_OPERATOR_ATTENTION_POLICY_AUDIT_V1 || ## 목적 || ## 비교 대상 || ## 왜 다음 질문이 workflow selection인가 || ## 비교 방식 || ## 추천 휴리스틱,,,,5,0,0,0,2,2,0,0,11
docs/OPS_PANEL_DAY_ENGINE_OPERATOR_BASELINE_V1.md,.md,12779,178,e2e3adaf6e58,operator_handoff;evidence_matrix,# OPS_PANEL_DAY_ENGINE_OPERATOR_BASELINE_V1,# OPS_PANEL_DAY_ENGINE_OPERATOR_BASELINE_V1 || ## 목적 || ## 왜 이제 orchestrate할 수 있는가 || ## baseline builder가 하는 일 || ## 재생성되는 산출물 || ## manifest와 summary의 역할,,,,0,0,0,0,2,0,12,0,43
docs/OPS_PANEL_DAY_ENGINE_OPERATOR_DIGEST_V1.md,.md,3995,98,c488a4a03e27,operator_handoff;evidence_matrix;topology_grouping,# OPS_PANEL_DAY_ENGINE_OPERATOR_DIGEST_V1,# OPS_PANEL_DAY_ENGINE_OPERATOR_DIGEST_V1 || ## 목적 || ## 왜 digest가 필요한가 || ## current row 기준인 이유 || ## 입력과 출력 || ## row 구성,,,,0,0,0,0,1,0,1,0,17
docs/OPS_PANEL_DAY_ENGINE_OPERATOR_DISCOVERY_PREVIEW_POLICY_AUDIT_V1.md,.md,2043,35,e350ca0fec5e,operator_handoff;evidence_matrix,# OPS PANEL DAY ENGINE OPERATOR DISCOVERY PREVIEW POLICY AUDIT V1,# OPS PANEL DAY ENGINE OPERATOR DISCOVERY PREVIEW POLICY AUDIT V1 || ## Why The Current Preview Is Valuable But Still Too Wide / Site-Skewed || ## Why A Simple Current-State Preview Policy Is The Next Correct Step || ## Why Future References Are Evaluation-Only Here || ## What Results Mean Operationally || ## Scope Notes,,,,2,0,0,0,1,0,0,0,1
docs/OPS_PANEL_DAY_ENGINE_OPERATOR_PIPELINE_IDEMPOTENCE_AUDIT_V1.md,.md,4657,101,6e008e13bca6,operator_handoff;evidence_matrix,# OPS_PANEL_DAY_ENGINE_OPERATOR_PIPELINE_IDEMPOTENCE_AUDIT_V1,# OPS_PANEL_DAY_ENGINE_OPERATOR_PIPELINE_IDEMPOTENCE_AUDIT_V1 || ## 목적 || ## 실행 || ## 입력 / 출력 || ## 어떻게 검사하는가 || ## 왜 second-run zero-change가 핵심인가,,,,0,0,0,0,2,0,5,0,13
docs/OPS_PANEL_DAY_ENGINE_OPERATOR_PIPELINE_V1.md,.md,4464,87,db1edd901091,gate_contract;operator_handoff;evidence_matrix,# OPS_PANEL_DAY_ENGINE_OPERATOR_PIPELINE_V1,# OPS_PANEL_DAY_ENGINE_OPERATOR_PIPELINE_V1 || ## 목적 || ## 실행 || ## 동작 규칙 || ## final_pipeline_pass_flag 해석 || ## manifest 해석,,,,1,0,0,0,0,0,8,0,2
docs/OPS_PANEL_DAY_ENGINE_OPERATOR_REFRESH_QA_V1.md,.md,5943,103,2b7a3651ef47,gate_contract;operator_handoff;evidence_matrix,# OPS_PANEL_DAY_ENGINE_OPERATOR_REFRESH_QA_V1,# OPS_PANEL_DAY_ENGINE_OPERATOR_REFRESH_QA_V1 || ## 목적 || ## 입력 / 출력 || ## 체크 종류 || ## qa_pass_flag 해석 || ## 사용 이유,,,,0,0,0,0,1,0,8,0,19
docs/OPS_PANEL_DAY_ENGINE_OPERATOR_REFRESH_V1.md,.md,1826,46,504614e951e5,operator_handoff;evidence_matrix,# OPS_PANEL_DAY_ENGINE_OPERATOR_REFRESH_V1,# OPS_PANEL_DAY_ENGINE_OPERATOR_REFRESH_V1 || ## 목적 || ## 실행 || ## 동작 규칙 || ## 산출물 해석,,,,0,0,0,0,1,0,3,0,5
docs/OPS_PANEL_DAY_ENGINE_OPERATOR_RELEASE_GATE_V1.md,.md,3133,60,4314ee8a4893,gate_contract;operator_handoff;release_runtime;evidence_matrix,# OPS PANEL DAY ENGINE OPERATOR RELEASE GATE V1,# OPS PANEL DAY ENGINE OPERATOR RELEASE GATE V1 || ## 목적 || ## 왜 release gate가 필요한가 || ## 왜 idempotence를 여기서만 포함하는가 || ## 실행 순서 || ## manifest 해석,,,,0,0,0,0,0,0,7,0,6
docs/OPS_PANEL_DAY_ENGINE_OPERATOR_RUN_CONSOLIDATION_V1.md,.md,14617,275,43d5338fa300,gate_contract;operator_handoff;evidence_matrix,# OPS_PANEL_DAY_ENGINE_OPERATOR_RUN_CONSOLIDATION_V1,# OPS_PANEL_DAY_ENGINE_OPERATOR_RUN_CONSOLIDATION_V1 || ## 목적 || ## 왜 run-level operator consolidation인가 || ## 왜 registry와 queue를 분리해야 하는가 || ## 왜 queue/backlog 2-way split만으로는 부족한가 || ## 기본 score,,,,5,0,0,0,9,0,0,0,4
docs/OPS_PANEL_DAY_ENGINE_OPERATOR_SCORE_HYGIENE_AUDIT_V1.md,.md,2418,39,43a67888d06c,operator_handoff,# OPS_PANEL_DAY_ENGINE_OPERATOR_SCORE_HYGIENE_AUDIT_V1,# OPS_PANEL_DAY_ENGINE_OPERATOR_SCORE_HYGIENE_AUDIT_V1 || ## 목적 || ## 왜 score stability를 보나 || ## 왜 site-level clipping인가 || ## 무엇을 보나 || ## 해석 가이드,,,,0,0,0,0,3,0,0,0,0
docs/OPS_PANEL_DAY_ENGINE_OPERATOR_SECONDARY_DISCOVERY_CLUSTER_DELTA_V1.md,.md,2893,65,187198a9ff61,operator_handoff,# OPS PANEL DAY ENGINE OPERATOR SECONDARY DISCOVERY CLUSTER DELTA V1,# OPS PANEL DAY ENGINE OPERATOR SECONDARY DISCOVERY CLUSTER DELTA V1 || ## Why The Cluster Preview Needs A Delta Layer || ## Why Cluster Id Alone Is Not Reliable || ## How Overlap-Based Matching Works || ## What Each Delta Class Means || ## Change Priority Inside Matched Clusters,,,,2,0,0,0,2,0,0,0,2
docs/OPS_PANEL_DAY_ENGINE_OPERATOR_SECONDARY_DISCOVERY_CLUSTER_ROLLUP_V1.md,.md,2498,49,5b46a1933293,operator_handoff,# OPS PANEL DAY ENGINE OPERATOR SECONDARY DISCOVERY CLUSTER ROLLUP V1,# OPS PANEL DAY ENGINE OPERATOR SECONDARY DISCOVERY CLUSTER ROLLUP V1 || ## Why Narrow Preview Thresholding Was Not Enough || ## Why Site-Time Clustering Is The Next Logical Compression Step || ## Why Clustering Uses Current-State Dates Only || ## How To Interpret A Discovery Cluster Operationally || ## Scope Notes,,,,2,0,0,0,1,0,0,0,1
docs/OPS_PANEL_DAY_ENGINE_OPERATOR_SECONDARY_DISCOVERY_FATE_AUDIT_V1.md,.md,2107,48,6f1410f8d5bd,operator_handoff,# OPS PANEL DAY ENGINE OPERATOR SECONDARY DISCOVERY FATE AUDIT V1,# OPS PANEL DAY ENGINE OPERATOR SECONDARY DISCOVERY FATE AUDIT V1 || ## Why Secondary Discovery Needed Retrospective Validation || ## Why The Current Lane Looked Potentially Noisy || ## Discovery Fate Classes || ## What Would Justify Keeping Secondary Discovery As-Is || ## What Would Justify Adding Short-Run Suppression Or A Minimum Run-Length Filter,,,,9,0,0,0,0,0,0,0,0
docs/OPS_PANEL_DAY_ENGINE_OPERATOR_SECONDARY_DISCOVERY_INCREMENTAL_VALUE_AUDIT_V1.md,.md,2303,39,582a43e9bf33,operator_handoff;evidence_matrix,# OPS PANEL DAY ENGINE OPERATOR SECONDARY DISCOVERY INCREMENTAL VALUE AUDIT V1,# OPS PANEL DAY ENGINE OPERATOR SECONDARY DISCOVERY INCREMENTAL VALUE AUDIT V1 || ## Why Panel Rollup Alone Was Not Enough || ## Why Incremental Coverage Versus Current Attention Is The Key Next Question || ## Why Retrospective Fault / Truth Reference Is Used Here || ## How To Interpret The Result || ## Scope Notes,,,,5,1,0,0,0,0,0,0,1
docs/OPS_PANEL_DAY_ENGINE_OPERATOR_SECONDARY_DISCOVERY_SEPARABILITY_AUDIT_V1.md,.md,2082,36,2224d61c6e6b,operator_handoff,# OPS PANEL DAY ENGINE OPERATOR SECONDARY DISCOVERY SEPARABILITY AUDIT V1,# OPS PANEL DAY ENGINE OPERATOR SECONDARY DISCOVERY SEPARABILITY AUDIT V1 || ## Why Short-Run Suppression Is Not The Next Step || ## Why Current-State Separability Is The Key Question Now || ## Why Site Effect And Feature Effect Must Be Separated || ## Recommended Next Directions || ## Scope Notes,,,,1,0,0,0,0,0,0,0,0
docs/OPS_PANEL_DAY_ENGINE_OPERATOR_SECONDARY_DISCOVERY_THRESHOLD_SPLIT_AUDIT_V1.md,.md,2040,33,b1533c276697,mlpe_field_trial;operator_handoff,# OPS PANEL DAY ENGINE OPERATOR SECONDARY DISCOVERY THRESHOLD SPLIT AUDIT V1,# OPS PANEL DAY ENGINE OPERATOR SECONDARY DISCOVERY THRESHOLD SPLIT AUDIT V1 || ## Why Short-Run Suppression Alone Was Rejected || ## Why Threshold Split Is The Next Simple Policy Test || ## Why `cond_evt_only_day_ratio` Is Not Used As A Positive Selector Here || ## Recommended Next Directions || ## Scope Notes,,,,1,0,0,0,0,1,0,0,0
docs/OPS_PANEL_DAY_ENGINE_OPERATOR_SECONDARY_DISCOVERY_V1.md,.md,6098,110,4f5b968cfdab,mlpe_field_trial;operator_handoff,# OPS PANEL DAY ENGINE OPERATOR SECONDARY DISCOVERY V1,# OPS PANEL DAY ENGINE OPERATOR SECONDARY DISCOVERY V1 || ## Why Learned Scoring Is Not Replacing The Baseline || ## Why Learned Scoring Is Still Useful As A Secondary Discovery Lane || ## Why A Value Vs Monitor Split Is Now Justified || ## Why The Value Lane Still Needed A Panel-Level Rollup || ## Why The Selected Split Rule Is Currently Deterministic / Electrical,,,,1,0,0,1,3,0,0,0,0
docs/OPS_PANEL_DAY_ENGINE_OPERATOR_UNIFIED_DIGEST_V1.md,.md,4715,96,612714fe4b20,operator_handoff;evidence_matrix,# OPS PANEL DAY ENGINE OPERATOR UNIFIED DIGEST V1,# OPS PANEL DAY ENGINE OPERATOR UNIFIED DIGEST V1 || ## Why The Current Preview And Delta Artifacts Were Still Split || ## Why Policy Audit Had To Come First || ## Why Unified Digest Is The Right Source Artifact || ## Why Unified Digest Is The Next Operator-Facing Step || ## How Attention Delta And Cluster Delta Are Merged,,,,1,0,0,0,4,0,0,1,11
docs/OPS_PANEL_DAY_ENGINE_PANEL_MULTIAXIS_VERDICT_V1.md,.md,23716,415,acf9011aa218,performance_audit;common_cause;gpvs_reference;operator_handoff,# OPS_PANEL_DAY_ENGINE_PANEL_MULTIAXIS_VERDICT_V1,# OPS_PANEL_DAY_ENGINE_PANEL_MULTIAXIS_VERDICT_V1 || ## 목적 || ## 입력 || ## Base Universe || ## Panel-Level 구조 || ## 해석층 vs 평가셋,,,,5,4,4,7,0,4,0,0,85
docs/OPS_PANEL_DAY_ENGINE_PRECURSOR_ABRUPT_CONSISTENCY_AUDIT_V1.md,.md,3378,73,b73c9f8807a3,project_eval;performance_audit,# OPS_PANEL_DAY_ENGINE_PRECURSOR_ABRUPT_CONSISTENCY_AUDIT_V1,# OPS_PANEL_DAY_ENGINE_PRECURSOR_ABRUPT_CONSISTENCY_AUDIT_V1 || ## 목적 || ## 왜 필요한가 || ## 입력 || ## overlap 정의 || ## 판정 로직,,,,1,0,0,0,0,1,0,0,22
docs/OPS_PANEL_DAY_ENGINE_PRECURSOR_ONSET_TRUTH_V1.md,.md,4704,75,279d1a4fb7a3,gate_contract;performance_audit,# OPS_PANEL_DAY_ENGINE_PRECURSOR_ONSET_TRUTH_V1,# OPS_PANEL_DAY_ENGINE_PRECURSOR_ONSET_TRUTH_V1 || ## 목적 || ## 왜 taxonomy가 먼저였는가 || ## benchmark reset 이후 무엇이 바뀌었는가 || ## onset 날짜는 셋으로 나눠 읽는다 || ## onset ladder 정의,,,,11,0,0,0,0,3,0,0,1
docs/OPS_PANEL_DAY_ENGINE_PRECURSOR_PERFORMANCE_AUDIT_V1.md,.md,4143,85,cf3727055664,performance_audit,# OPS_PANEL_DAY_ENGINE_PRECURSOR_PERFORMANCE_AUDIT_V1,# OPS_PANEL_DAY_ENGINE_PRECURSOR_PERFORMANCE_AUDIT_V1 || ## 목적 || ## 왜 detectable-now precursor-bearing case만 쓰는가 || ## benchmark reset 이후 기준 || ## 왜 preferred onset truth가 anchor인가 || ## onset 날짜를 섞지 않는 원칙,,,,4,0,0,2,0,2,0,0,1
docs/OPS_PANEL_DAY_ENGINE_PROJECT_CLOSEOUT_PACK_V1.md,.md,9051,142,87a0e81dfb55,gate_contract;project_eval;operator_handoff;evidence_matrix,# OPS_PANEL_DAY_ENGINE_PROJECT_CLOSEOUT_PACK_V1,# OPS_PANEL_DAY_ENGINE_PROJECT_CLOSEOUT_PACK_V1 || ## 목적 || ## 왜 지금 closeout pack 이 필요한가 || ## 입력과 원칙 || ## 출력물 || ## Markdown 구성,,,,2,0,1,2,0,0,11,0,49
docs/OPS_PANEL_DAY_ENGINE_PROJECT_CURRENT_DATA_FREEZE_PACK_V1.md,.md,4937,68,05c3655ab0dc,project_eval;performance_audit;operator_handoff,# OPS_PANEL_DAY_ENGINE_PROJECT_CURRENT_DATA_FREEZE_PACK_V1,# OPS_PANEL_DAY_ENGINE_PROJECT_CURRENT_DATA_FREEZE_PACK_V1 || ## 목적 || ## 왜 필요한가 || ## current_data_decision 해석 || ## allowed_claim_strength 해석 || ## 핵심 해석,,,,5,0,0,2,0,2,0,0,0
docs/OPS_PANEL_DAY_ENGINE_PROJECT_EVAL_MATRIX_V1.md,.md,4136,40,74a630f752bd,project_eval;performance_audit;common_cause;operator_handoff,# OPS PANEL DAY ENGINE PROJECT EVAL MATRIX V1,# OPS PANEL DAY ENGINE PROJECT EVAL MATRIX V1 || ## 목적 || ## 왜 step 1 / step 2는 precision/recall/F1가 아닌가 || ## 왜 step 3 / step 4는 true case-level metric인가 || ## 왜 operator policy는 retrospective proxy metric인가 || ## 어떻게 읽어야 하는가,,,,3,0,0,4,1,22,0,0,0
docs/OPS_PANEL_DAY_ENGINE_PROJECT_EVAL_RELIABILITY_AUDIT_V1.md,.md,3849,47,221997a2eeb4,project_eval;performance_audit;operator_handoff,# OPS PANEL DAY ENGINE PROJECT EVAL RELIABILITY AUDIT V1,# OPS PANEL DAY ENGINE PROJECT EVAL RELIABILITY AUDIT V1 || ## 목적 || ## 왜 project_eval_matrix_v1 만으로는 부족한가 || ## 작은 support에서 perfect F1가 왜 위험한가 || ## structural / proxy row는 왜 ordinary classifier처럼 읽으면 안 되는가 || ## freeze_recommendation 해석,,,,1,0,0,1,0,10,0,0,0
docs/OPS_PANEL_DAY_ENGINE_PROJECT_EVAL_SUPPORT_GAP_AUDIT_V1.md,.md,3512,61,e3ad730848cb,project_eval;performance_audit;common_cause;evidence_matrix;topology_grouping,# OPS PANEL DAY ENGINE PROJECT EVAL SUPPORT GAP AUDIT V1,# OPS PANEL DAY ENGINE PROJECT EVAL SUPPORT GAP AUDIT V1 || ## 목적 || ## 왜 reliability audit만으로는 부족한가 || ## 왜 freeze 전 support-gap 분석이 필요한가 || ## scope별 current-artifact candidate pool || ### step3_precursor_performance,,,,4,0,0,4,0,3,0,1,15
docs/OPS_PANEL_DAY_ENGINE_PROJECT_FINAL_DECISION_PACK_V1.md,.md,3994,57,c1ee2dcad9f7,gate_contract;project_eval;performance_audit;common_cause;operator_handoff;release_runtime,# OPS_PANEL_DAY_ENGINE_PROJECT_FINAL_DECISION_PACK_V1,# OPS_PANEL_DAY_ENGINE_PROJECT_FINAL_DECISION_PACK_V1 || ## 목적 || ## 왜 지금 final decision pack 이 필요한가 || ## no-new-fault constraint 가 바꾸는 것 || ## final_usage_decision 해석 || ## chosen operational workflow 해석,,,,1,0,0,1,0,1,6,0,0
docs/OPS_PANEL_DAY_ENGINE_PROJECT_HANDOFF_PACK_V1.md,.md,4843,104,c6b028be198b,gate_contract;project_eval;operator_handoff;evidence_matrix,# OPS_PANEL_DAY_ENGINE_PROJECT_HANDOFF_PACK_V1,# OPS_PANEL_DAY_ENGINE_PROJECT_HANDOFF_PACK_V1 || ## 목적 || ## 이번 동기화에서 바뀌는 기준 || ## 입력 || ## 핵심 해석 원칙 || ## 출력,,,,2,0,1,2,0,0,15,0,14
docs/OPS_PANEL_DAY_ENGINE_PROJECT_TRUTH_ACQUISITION_BACKLOG_V1.md,.md,3415,55,20cb7ac2e7c0,common_cause;operator_handoff,# OPS_PANEL_DAY_ENGINE_PROJECT_TRUTH_ACQUISITION_BACKLOG_V1,# OPS_PANEL_DAY_ENGINE_PROJECT_TRUTH_ACQUISITION_BACKLOG_V1 || ## 목적 || ## 왜 필요한가 || ## collection unit 해석 || ## 출력물 || ### 1) `panel_day_engine_project_truth_acquisition_backlog_v1.csv`,,,,11,0,0,7,0,0,0,0,3
docs/OPS_PANEL_DAY_ENGINE_PROJECT_TRUTH_EXPANSION_PLAN_V1.md,.md,3851,56,33997b537aa2,project_eval;common_cause;operator_handoff;evidence_matrix,# OPS_PANEL_DAY_ENGINE_PROJECT_TRUTH_EXPANSION_PLAN_V1,# OPS_PANEL_DAY_ENGINE_PROJECT_TRUTH_EXPANSION_PLAN_V1 || ## 목적 || ## 왜 필요한가 || ## 출력물 || ### 1) `panel_day_engine_project_truth_expansion_plan_v1.csv` || ### 2) `panel_day_engine_project_truth_expansion_plan_summary_v1.csv`,,,,24,0,0,4,0,0,0,0,8
docs/OPS_PANEL_DAY_ENGINE_RUN_BOUNDARY_DISTANCE_HYGIENE_AUDIT_V1.md,.md,3200,58,17a3c182b94e,general_doc,# OPS PANEL DAY ENGINE RUN BOUNDARY DISTANCE HYGIENE AUDIT V1,# OPS PANEL DAY ENGINE RUN BOUNDARY DISTANCE HYGIENE AUDIT V1 || ## Why This Patch Exists || ## Why Raw Boundary Was Judged Too Broad || ## Why Outlier And Clipping Diagnosis Is Required Before V3 || ## Mode Definitions || ## Why Intersection With Review Batch Is A Valid Fallback,,,,1,0,0,0,0,0,0,0,0
docs/OPS_PANEL_DAY_ENGINE_RUN_BOUNDARY_LABEL_EXPANSION_AUDIT_V1.md,.md,3498,69,2886a447112d,general_doc,# OPS PANEL DAY ENGINE RUN BOUNDARY LABEL EXPANSION AUDIT V1,# OPS PANEL DAY ENGINE RUN BOUNDARY LABEL EXPANSION AUDIT V1 || ## Why This Patch Exists || ## Core Idea || ## Why Boundary-Based Selection Is The Next Step || ## Why Missed Positives And Hard Negatives Are Both Needed || ## Candidate Classes,,,,1,0,0,4,0,0,0,0,0
docs/OPS_PANEL_DAY_ENGINE_RUN_FEATURE_SEPARABILITY_AUDIT_V1.md,.md,2278,39,7e788cdfb964,gate_contract;operator_handoff;evidence_matrix,# OPS_PANEL_DAY_ENGINE_RUN_FEATURE_SEPARABILITY_AUDIT_V1,# OPS_PANEL_DAY_ENGINE_RUN_FEATURE_SEPARABILITY_AUDIT_V1 || ## 왜 day-level gate tweaking이 거의 다 왔다고 보나 || ## 왜 run-level feature가 다음 타겟인가 || ## cohort_hint 의미 || ## normalized_gap을 어떻게 쓰나 || ## 어떤 결과가 다음 결정을 정당화하나,,,,1,0,0,0,1,0,0,0,1
docs/OPS_PANEL_DAY_ENGINE_RUN_LABEL_EXPANSION_AUDIT_V1.md,.md,4157,85,c077c890258c,common_cause;operator_handoff,# OPS_PANEL_DAY_ENGINE_RUN_LABEL_EXPANSION_AUDIT_V1,# OPS_PANEL_DAY_ENGINE_RUN_LABEL_EXPANSION_AUDIT_V1 || ## 목적 || ## 왜 v2 scorer 개선이 작았는가 || ## 입력 || ## 출력 || ## 핵심 원리,,,,4,0,0,8,0,0,0,0,18
docs/OPS_PANEL_DAY_ENGINE_RUN_LABEL_EXPANSION_REVIEW_BATCH_V1.md,.md,2906,59,f0d3c238b651,common_cause,# OPS_PANEL_DAY_ENGINE_RUN_LABEL_EXPANSION_REVIEW_BATCH_V1,# OPS_PANEL_DAY_ENGINE_RUN_LABEL_EXPANSION_REVIEW_BATCH_V1 || ## 목적 || ## 왜 broad candidate pool을 바로 쓰지 않는가 || ## review track || ## 왜 P1과 site-balanced P2가 먼저인가 || ## 왜 monitor/common-cause를 따로 떼는가,,,,4,2,0,7,0,0,0,0,0
docs/OPS_PANEL_DAY_ENGINE_RUN_LABEL_PACK_V1.md,.md,2115,55,937ab5efb0df,operator_handoff,# OPS_PANEL_DAY_ENGINE_RUN_LABEL_PACK_V1,# OPS_PANEL_DAY_ENGINE_RUN_LABEL_PACK_V1 || ## 목적 || ## 출력 || ## 핵심 라벨 규칙 || ## 왜 monitor_like를 직접 학습에서 빼는가 || ## 왜 이것이 v2 전 단계인가,,,,1,1,0,0,0,0,0,0,5
docs/OPS_PANEL_DAY_ENGINE_RUN_LABEL_PACK_V2.md,.md,4320,97,03fa2ee0f126,performance_audit;common_cause;topology_grouping,# OPS_PANEL_DAY_ENGINE_RUN_LABEL_PACK_V2,# OPS_PANEL_DAY_ENGINE_RUN_LABEL_PACK_V2 || ## 목적 || ## 입력 || ## 출력 || ## 핵심 변경 || ## overlap 규칙,,,,7,0,0,13,0,4,0,0,20
docs/OPS_PANEL_DAY_ENGINE_RUN_LABEL_PROMOTION_SCENARIOS_V1.md,.md,3290,80,8422a65d5542,operator_handoff;topology_grouping,# OPS_PANEL_DAY_ENGINE_RUN_LABEL_PROMOTION_SCENARIOS_V1,# OPS_PANEL_DAY_ENGINE_RUN_LABEL_PROMOTION_SCENARIOS_V1 || ## 목적 || ## 왜 이 시나리오들인가 || ### P1 || ### watch_now linked || ### site-balanced P2,,,,2,0,0,0,0,0,0,0,0
docs/OPS_PANEL_DAY_ENGINE_RUN_RANKER_COMPLEMENT_AUDIT_V1.md,.md,2621,56,2858a86d9035,general_doc,# OPS PANEL DAY ENGINE RUN RANKER COMPLEMENT AUDIT V1,# OPS PANEL DAY ENGINE RUN RANKER COMPLEMENT AUDIT V1 || ## Why V3 Was Not Enough As A Primary Scorer || ## Why Complementarity Is The Right Next Question || ## What This Audit Measures || ## How To Read Incremental Positive And Negative Counts || ## Disagreement Classes,,,,1,0,0,0,0,0,0,0,1
docs/OPS_PANEL_DAY_ENGINE_RUN_RANKER_GAP_AUDIT_V1.md,.md,3483,70,62888d34f749,mlpe_field_trial,# OPS_PANEL_DAY_ENGINE_RUN_RANKER_GAP_AUDIT_V1,# OPS_PANEL_DAY_ENGINE_RUN_RANKER_GAP_AUDIT_V1 || ## 목적 || ## 왜 parsimonious scenario를 먼저 고정하나 || ## disagreement class 해석 || ## 왜 추가 promotion보다 gap diagnosis가 먼저인가 || ## recommended_next_direction 의미,,,,0,0,0,0,0,0,0,0,3
docs/OPS_PANEL_DAY_ENGINE_RUN_RANKER_HYBRID_AUDIT_V1.md,.md,4433,93,e149f4716f47,gate_contract;performance_audit,# OPS_PANEL_DAY_ENGINE_RUN_RANKER_HYBRID_AUDIT_V1,# OPS_PANEL_DAY_ENGINE_RUN_RANKER_HYBRID_AUDIT_V1 || ## 목적 || ## 왜 hybrid가 다음 단계인가 || ## 비교 방법 || ## shortlist 50 vs 100 해석 || ## 중요한 해석 주의점,,,,0,0,0,0,1,2,0,0,16
docs/OPS_PANEL_DAY_ENGINE_RUN_RANKER_REFERENCE_GAP_AUDIT_V1.md,.md,3554,71,2d37f35a466a,general_doc,# OPS_PANEL_DAY_ENGINE_RUN_RANKER_REFERENCE_GAP_AUDIT_V1,# OPS_PANEL_DAY_ENGINE_RUN_RANKER_REFERENCE_GAP_AUDIT_V1 || ## 목적 || ## 왜 지금 이 audit이 필요한가 || ## gap_class 해석 || ## recommended_next_direction 의미 || ## 입력,,,,0,0,0,0,1,0,0,0,10
docs/OPS_PANEL_DAY_ENGINE_RUN_RANKER_SITE_CONDITIONED_SCALING_AUDIT_V1.md,.md,4187,80,92b26ac1960b,performance_audit,# OPS_PANEL_DAY_ENGINE_RUN_RANKER_SITE_CONDITIONED_SCALING_AUDIT_V1,# OPS_PANEL_DAY_ENGINE_RUN_RANKER_SITE_CONDITIONED_SCALING_AUDIT_V1 || ## 목적 || ## 왜 지금 이 실험이 필요한가 || ## 비교 대상 || ## 중요한 해석 주의점 || ## 입력,,,,0,0,0,0,1,1,0,0,18
docs/OPS_PANEL_DAY_ENGINE_RUN_RANKER_V0_AUDIT.md,.md,6717,124,5cccf1b754a6,gate_contract,# OPS_PANEL_DAY_ENGINE_RUN_RANKER_V0_AUDIT,# OPS_PANEL_DAY_ENGINE_RUN_RANKER_V0_AUDIT || ## 목적 || ## 왜 run-level score인가 || ## 입력 || ## 평가 그룹 || ## online-safe 원칙,,,,1,0,0,0,1,2,0,0,15
docs/OPS_PANEL_DAY_ENGINE_RUN_RANKER_V1_HOLDOUT_AUDIT.md,.md,3383,54,bfaaa45d0168,general_doc,# OPS_PANEL_DAY_ENGINE_RUN_RANKER_V1_HOLDOUT_AUDIT,# OPS_PANEL_DAY_ENGINE_RUN_RANKER_V1_HOLDOUT_AUDIT || ## 목적 || ## 왜 optimistic full-fit만으로는 부족한가 || ## 왜 site / time holdout인가 || ## feature 제약 || ## 비교 대상,,,,1,0,0,0,1,1,0,0,6
docs/OPS_PANEL_DAY_ENGINE_RUN_RANKER_V1_PROTOTYPE_AUDIT.md,.md,3042,61,a2634599c9db,gate_contract,# OPS_PANEL_DAY_ENGINE_RUN_RANKER_V1_PROTOTYPE_AUDIT,# OPS_PANEL_DAY_ENGINE_RUN_RANKER_V1_PROTOTYPE_AUDIT || ## 목적 || ## 왜 learned run-level scoring인가 || ## 입력 || ## 학습 라벨 || ## online-safe feature만 사용,,,,1,0,0,0,1,0,0,0,7
docs/OPS_PANEL_DAY_ENGINE_RUN_RANKER_V2_HOLDOUT_AUDIT.md,.md,3027,73,696bf21fa9de,common_cause;topology_grouping,# OPS_PANEL_DAY_ENGINE_RUN_RANKER_V2_HOLDOUT_AUDIT,# OPS_PANEL_DAY_ENGINE_RUN_RANKER_V2_HOLDOUT_AUDIT || ## 목적 || ## 왜 지금 holdout을 다시 봐야 하는가 || ## 학습 / 평가 규칙 || ## feature 제약 || ## fold,,,,1,0,0,2,0,0,0,0,3
docs/OPS_PANEL_DAY_ENGINE_RUN_RANKER_V3_INTERSECTION_HOLDOUT_AUDIT.md,.md,2226,44,69bedc321a22,general_doc,# OPS PANEL DAY ENGINE RUN RANKER V3 INTERSECTION HOLDOUT AUDIT,# OPS PANEL DAY ENGINE RUN RANKER V3 INTERSECTION HOLDOUT AUDIT || ## Why This Patch Exists || ## Why Boundary ∩ Review Batch Was Chosen || ## What This Audit Tests || ## Why This Is The Next Narrow V3 Test || ## What Would Justify Moving To Run Ranker V3 Proper,,,,1,0,0,0,0,0,0,0,0
docs/OPS_PANEL_DAY_ENGINE_SINGLE_PANEL_FORENSIC_AUDIT_V1.md,.md,5734,99,39e4044ced79,gate_contract;project_eval;performance_audit;evidence_matrix,# OPS_PANEL_DAY_ENGINE_SINGLE_PANEL_FORENSIC_AUDIT_V1,# OPS_PANEL_DAY_ENGINE_SINGLE_PANEL_FORENSIC_AUDIT_V1 || ## 목적 || ## 왜 이 pack 이 필요한가 || ## 입력과 출력 || ## 판단 원칙 || ## 해석 포인트,,,,1,2,0,0,0,1,0,0,22
docs/OPS_PANEL_DAY_EVIDENCE_MATRIX_V1.md,.md,3807,122,dce710570b6a,truth_review;project_eval;common_cause;evidence_matrix;topology_grouping,# OPS_PANEL_DAY_EVIDENCE_MATRIX_V1,# OPS_PANEL_DAY_EVIDENCE_MATRIX_V1 || ## Purpose || ## Why This Is The First Executable Anomaly-Registry Layer || ## Why Row Preservation Is Critical || ## Why `local_signal_signature` Includes Negative Evidence || ## Why Missing Shape/Instability Evidence Must Stay Null,,,,1,17,0,2,0,0,0,0,10
docs/OPS_PANEL_ID_HYPOTHESIS.md,.md,3289,142,72b9cdd58c13,topology_grouping,# OPS Panel ID Hypothesis,# OPS Panel ID Hypothesis || ## Purpose || ## Inputs || ## Neutral Tokens || ## Outputs || ### site_panel_id_hypothesis_latest.csv,,,,3,1,0,0,0,0,0,0,10
docs/OPS_PANEL_ONSET_SHADOW.md,.md,3018,107,314397e499e8,common_cause,# OPS Panel Onset Shadow,# OPS Panel Onset Shadow || ## Purpose || ## Candidate Conservation || ## Key Dates || ## Why This Is Needed || ## Signals Used,,,,1,1,0,2,1,0,0,0,6
docs/OPS_REALTIME_OPERATION_READINESS_V1.md,.md,4335,52,530f5ea28be4,project_eval;gpvs_reference;operator_handoff;release_runtime,# OPS Realtime Operation Readiness V1,# OPS Realtime Operation Readiness V1 || ## 1. 목적 || ## 2. 현재 구현 범위 || ## 3. 측정된 runtime feasibility 결과 || ## 4. 아직 측정되지 않은 것 || ## 5. 운영 가능성 판단,,,,0,0,0,0,0,0,1,0,5
docs/OPS_RUNTIME.md,.md,3521,111,fdcd7cb43a61,release_runtime;topology_grouping,# OPS Runtime,# OPS Runtime || ## 운영용 1차 구조 || ## 원칙 || ## daily operation 방식 || ## 4개 사이트 실행 예시 || ## 운영용 산출물,,,,0,1,0,0,1,0,0,0,17
docs/OPS_RUNTIME_FAILURE_HANDLING_V1.md,.md,2483,39,0088794b7961,gpvs_reference;operator_handoff;release_runtime,# OPS Runtime Failure Handling V1,# OPS Runtime Failure Handling V1 || ## 1. 목적 || ## 2. missing input handling || ## 3. missing config handling || ## 4. missing model/output dependency handling || ## 5. include_experimental off fallback,,,,0,0,0,2,0,0,4,0,14
docs/OPS_RUNTIME_INFERENCE_GUIDE_V1.md,.md,2460,58,2393edbe73b0,gpvs_reference;release_runtime,# OPS Runtime Inference Guide V1,# OPS Runtime Inference Guide V1 || ## 1. 목적 || ## 2. 실행 진입점 || ## 3. once vs poll || ## 4. dry-run 먼저 수행 || ## 5. stable vs experimental output,,,,0,0,0,3,0,0,0,1,21
docs/OPS_RUNTIME_LATENCY_REPORT_V1.md,.md,1839,32,806484d951c9,gpvs_reference;release_runtime,# OPS Runtime Latency Report V1,# OPS Runtime Latency Report V1 || ## 1. 보고 목적 || ## 2. 이번 단계에서 측정한 항목 || ## 3. 이번 단계에서 측정하지 않은 항목 || ## 4. 해석 원칙 || ## 5. 왜 production SLA 가 아닌가,,,,0,0,0,0,0,0,0,0,2
docs/OPS_SCHEDULE.md,.md,931,49,ed0c1ad0fce8,release_runtime,# OPS Schedule,# OPS Schedule || ## 범위 || ## install || ## uninstall || ## 수동 실행 || ### 단일 사이트,,,,0,0,0,0,0,0,0,0,3
docs/OPS_SCORE_SCOPE_MANIFEST_V1.md,.md,5293,144,6dd5a7d7c7ba,performance_audit;evidence_matrix;topology_grouping,# OPS Score Scope Manifest V1,# OPS Score Scope Manifest V1 || ## Purpose || ## Why This Manifest Exists || ## Base Universe || ## Truth Availability Flags || ## Scope Classes,,,,20,1,0,0,0,2,10,0,11
docs/OPS_SITE_DAY_EVENT_FRAME.md,.md,5071,149,031c630e9a19,truth_review;common_cause,# OPS Site-Day Event Frame,# OPS Site-Day Event Frame || ## Purpose || ## End-of-Day Decision-Time Assumption || ## Label Definitions || ## Horizon Eligibility and Right-Censoring || ## Features,,,,2,0,0,1,0,1,0,0,11
docs/OPS_TOPOLOGY_CAPTURE.md,.md,2487,107,d791ae3e0431,mlpe_field_trial;topology_grouping,# OPS Topology Capture,# OPS Topology Capture || ## Purpose || ## Capture Directory || ## Trust Rule || ## reports.json || ## latest_state.json,,,,1,0,0,0,0,0,0,0,21
docs/OPS_TOPOLOGY_GROUPING.md,.md,1974,96,556dc3b26dac,truth_review;topology_grouping,# OPS Topology Grouping,# OPS Topology Grouping || ## Purpose || ## Topology-Aware Grouping || ## Topology CSV || ## Fallback Semantics || ## Where It Matters,,,,1,0,0,0,2,0,0,0,6
docs/OPS_TOPOLOGY_INPUTS.md,.md,2521,103,d7a9975e069f,topology_grouping,# OPS Topology Inputs,# OPS Topology Inputs || ## Purpose || ## Expected CSV Schema || ## Inventory Source || ## QA Outputs || ### site_topology_coverage.csv,,,,0,0,0,0,0,0,0,0,20
docs/OPS_TRUTH_COVERAGE_PRIORITY_AUDIT_V1.md,.md,4599,128,ecec94e78e1b,performance_audit;maintenance_proxy,# OPS_TRUTH_COVERAGE_PRIORITY_AUDIT_V1,# OPS_TRUTH_COVERAGE_PRIORITY_AUDIT_V1 || ## Purpose || ## Why Truth Coverage Is The Main Bottleneck || ## Why The Official Baseline Should Not Be Tuned Further First || ## Priority Buckets || ### Urgent Official Error Context,,,,16,3,0,1,0,1,0,0,10
docs/OPS_TRUTH_REVIEW_BATCH_V1.md,.md,3098,101,b7cbd9f2412f,truth_review,# OPS_TRUTH_REVIEW_BATCH_V1,# OPS_TRUTH_REVIEW_BATCH_V1 || ## Purpose || ## Why Round-1 Excludes Precursor Note Context And Monitor-Only Backlog || ## How To Use `truth_review_batch_v1.csv` || ## How To Use `truth_review_copyback_template_v1.csv` || ## What A Good Round-1 Manual Review Outcome Looks Like,,,,14,1,0,0,0,0,0,0,13
docs/OPS_TRUTH_REVIEW_COPYBACK_APPLY_V1.md,.md,4541,103,04f36ec8ace7,truth_review,# OPS_TRUTH_REVIEW_COPYBACK_APPLY_V1,# OPS_TRUTH_REVIEW_COPYBACK_APPLY_V1 || ## 목적 || ## 왜 intake preview와 apply preview를 분리하나 || ## 입력 || ## 출력 || ## 적용 대상,,,,17,0,0,0,0,0,0,0,22
docs/OPS_TRUTH_REVIEW_DEFERRED_HOLD_V1.md,.md,4191,140,8b0fe3838735,truth_review;evidence_matrix,# OPS_TRUTH_REVIEW_DEFERRED_HOLD_V1,# OPS_TRUTH_REVIEW_DEFERRED_HOLD_V1 || ## Purpose || ## Why This Exists || ## Deferred-Hold Universe || ## What The Hold Registry Means || ## Why Deferred-Hold Rows Stay Excluded From Official Scoring,,,,15,7,0,0,0,1,5,0,17
docs/OPS_TRUTH_REVIEW_EVIDENCE_PACK_V1.md,.md,2696,91,540b67ad4431,truth_review;operator_handoff,# OPS_TRUTH_REVIEW_EVIDENCE_PACK_V1,# OPS_TRUTH_REVIEW_EVIDENCE_PACK_V1 || ## Purpose || ## Why Batch + Intake Preview Were Not Enough || ## How To Use `truth_review_evidence_pack_v1.csv` || ## How To Use `truth_review_case_prompts_v1.csv` || ## How Site Packets Help Split Work,,,,12,9,0,0,0,0,1,0,15
docs/OPS_TRUTH_REVIEW_INTAKE_PREVIEW_V1.md,.md,2749,88,69139451fde3,truth_review,# OPS_TRUTH_REVIEW_INTAKE_PREVIEW_V1,# OPS_TRUTH_REVIEW_INTAKE_PREVIEW_V1 || ## Purpose || ## Why This Step Is Preview-Only || ## Reviewer-Editable Columns || ## How To Read `intake_row_status` || ## When A Row Is Safe To Copy Back,,,,8,0,0,0,0,0,0,0,9
docs/OPS_TRUTH_SEED_IMPACT_V1.md,.md,4571,99,7fe86d29b77e,truth_review;performance_audit;maintenance_proxy,# OPS_TRUTH_SEED_IMPACT_V1,# OPS_TRUTH_SEED_IMPACT_V1 || ## 목적 || ## 왜 지금 이 평가가 필요한가 || ## 비교 대상 || ## 평가 원칙 || ## 출력 파일,,,,34,0,0,0,0,8,0,0,14
docs/OPS_TRUTH_SEED_PROMOTION_SCENARIOS_V1.md,.md,4391,94,6c29eead4693,gate_contract;truth_review;performance_audit;common_cause,# OPS_TRUTH_SEED_PROMOTION_SCENARIOS_V1,# OPS_TRUTH_SEED_PROMOTION_SCENARIOS_V1 || ## 목적 || ## 왜 7 same-label rows가 3 gate rows보다 낮은 위험인가 || ## 시나리오 정의 || ## 왜 `safe_same_label_only`가 preferred next path인가 || ## 왜 `full_ready_rows`를 blind promote하면 안 되나,,,,27,2,0,1,0,2,0,1,15
docs/OPS_TRUTH_SEED_SAFE_PROMOTION_PACK_V1.md,.md,3233,74,0abaa67e96c5,gate_contract;truth_review,# OPS_TRUTH_SEED_SAFE_PROMOTION_PACK_V1,# OPS_TRUTH_SEED_SAFE_PROMOTION_PACK_V1 || ## 목적 || ## 왜 safe7이 full10보다 낮은 리스크인가 || ## 왜 gate3를 blind promote하면 안 되나 || ## 산출물 || ## 파일 사용법,,,,15,3,0,0,0,0,0,0,17
docs/OPS_VENDOR_REPLY_ADJUDICATION.md,.md,2964,110,12169600c4fa,topology_grouping,# OPS Vendor Reply Adjudication,# OPS Vendor Reply Adjudication || ## Purpose || ## Inputs || ## Evidence Tiers || ## Why vendor_rejected Is Not Absolute Gold Negative || ## Output Files,,,,4,6,0,0,0,0,0,0,9
docs/OPS_WEATHER_HISTORY.md,.md,3230,123,c5178696bb66,general_doc,# OPS Weather History,# OPS Weather History || ## Purpose || ## Why Score Window Only || ## Inputs || ## Address File Schema || ## Manual Weather Daily Schema,,,,1,0,0,1,0,0,0,0,19
docs/OPS_WORKSTREAM_HANDOFF_PACK_V1.md,.md,2654,85,93b5a6d471d2,gate_contract;mlpe_field_trial;truth_review;project_eval;performance_audit;operator_handoff;evidence_matrix,# OPS_WORKSTREAM_HANDOFF_PACK_V1,# OPS_WORKSTREAM_HANDOFF_PACK_V1 || ## Purpose || ## Why This Exists After Freeze Plus Guard || ## What Is Considered Official Baseline Now || ## What Remains Deferred Or On Hold || ## What Can Be Safely Ignored In The Next Topic,,,,1,1,0,0,0,1,8,0,12
docs/RELEASE_BOUNDARY.md,.md,1504,47,f73f065409ab,general_doc,# Release Boundary,# Release Boundary || ## 프로그램 || ## 입력 데이터 || ## 산출물 || ## 레포에 남길 것 || ## 레포에 남기지 않을 것,,,,0,0,0,0,1,0,0,0,9
docs/RELEASE_MANIFEST.md,.md,3043,88,181be20a4943,gpvs_reference;operator_handoff;evidence_matrix,# Release Manifest,# Release Manifest || ## 1. release purpose || ## 2. include in release || ## 3. keep in repo but exclude from release bundle || ## 4. exclude from repo tracking and release || ## 5. official output contract,,,,0,0,0,0,1,0,4,1,7
docs/TESTED_ENVIRONMENT.md,.md,655,23,ccde28ae0756,general_doc,# Tested Environment,# Tested Environment || ## smoke test success record || ## checks passed || ## scope note,,,,0,0,0,0,0,0,0,0,0
docs/archive/data_dictionary_paper_legacy.md,.md,4136,57,6ecca2276738,gate_contract,# data_dictionary_paper (Commit A SSOT),# data_dictionary_paper (Commit A SSOT) || ## 1) Provenance 레전드 || ## 2) 라벨/날짜 정의 (3분리) || ## 3) confirmed/final 해석 고정 || ## 4) critical SSOT (raw → effective → decision) || ## 5) rank_day/횡단면 비교 해석,,,,0,3,0,0,0,0,0,0,1
docs/internal/PROGRAM_INVENTORY.md,.md,4925,80,767faa2c22f4,gpvs_reference;operator_handoff,# Program Inventory,# Program Inventory || ## 1. core pipeline || ## 2. support tools || ## 3. review candidates || ## 4. immediate keep list || ## 5. files requiring second-pass inspection,,,,0,0,0,0,2,0,2,0,3
docs/internal/PROGRAM_REVIEW.md,.md,9679,126,21f305405db8,mlpe_field_trial;release_runtime;topology_grouping,# Program Review,# Program Review || ## Review Table || ### 1) `research/archive/prognostics/topk_workload.py` || ### 2) `research/support/prognostics/topk_workload2.py` || ### 3) `research/support/prognostics/eval_topk.py` || ### 4) `research/support/prognostics/eval_fault_topk_leadtime.py`,,,,0,0,0,0,0,4,0,0,29
docs/internal/README.md,.md,165,5,859cc1fd2e88,general_doc,# Internal Docs,# Internal Docs,,,,0,0,0,0,0,0,0,0,0
docs/internal/RESEARCH_ROADMAP.md,.md,2198,51,46bd9eee44d0,topology_grouping,# pvdiag Research Roadmap (SSOT),# pvdiag Research Roadmap (SSOT) || ## Done (이미 확정/완료된 SSOT) || ## Phase 0: Research Preflight (필수) || ## Phase 1: 설명 가능한 출력/문서 || ## Phase 2: Baseline & Ablation || ## Phase 3: EWS 강화(필터 -> 연속 스코어/피처),,,,0,0,0,0,0,2,0,2,2
docs/internal/SUPPORT_LINKED_AUDIT.md,.md,5318,52,a77d0a3e45e8,mlpe_field_trial;release_runtime;evidence_matrix,# Support Linked Audit,# Support Linked Audit || ## Summary Table || ## Link Table: `compare_rankers.py` <-> `make_loss_labels.py` || ## Link Table: `run_paper_pack.sh` -> `plot_fault_cases.py` || ## Final Recommendation || ### keep in place for now,,,,0,0,0,0,0,1,2,0,9
docs/internal/SUPPORT_MOVE_AUDIT.md,.md,8017,74,a919a14efda3,mlpe_field_trial;release_runtime;evidence_matrix,# Support Move Audit,"# Support Move Audit || ## Summary Table || ## Special Link: `run_paper_pack.sh` -> `plot_fault_cases_v2.py` || ## Special Link: `compare_rankers.py` -> `make_loss_labels.py` || ## Relationship: `topk_workload2.py`, `eval_topk.py`, `eval_fault_topk_leadtime.py` || ## Move Recommendation",,,,0,0,0,0,0,2,5,0,4
docs/internal/TASKS.md,.md,1869,32,6b2a7f3f2889,operator_handoff,# pvdiag 협업 작업 티켓 (SSOT),# pvdiag 협업 작업 티켓 (SSOT),,,,0,0,0,0,0,0,1,0,5
docs/internal/WHAT_TO_LOOK_AT.md,.md,2425,50,4fa2bd47031b,operator_handoff,# WHAT TO LOOK AT (3분 가이드),# WHAT TO LOOK AT (3분 가이드) || ## 0) 먼저 알아둘 핵심 정의 || ## 1) 사람이 실제로 봐야 할 파일 TOP5 || ### 1) `data/kernelog1/out/panel_day_core.csv` || ### 2) `data/kernelog1/out/panel_diagnosis_summary.csv` || ### 3) `data/kernelog1/out/panel_day_risk.csv`,,,,0,0,0,0,1,0,1,0,15
docs/internal/manual_field_evidence_latest.csv,.csv,915,6,99f1275d70b6,general_doc,,,5,site|evidence_type|description|expected_family|time_type|time_value|related_panel_count|evidence_strength|usable_for_exact_validation|note,,0,2,0,0,0,0,0,0,1
docs/internal/refactor_audit_v2_vs_current.md,.md,14472,195,19476cea1d26,common_cause,# Refactor Audit: `pv_autoencoder_dayAE_v2.py` vs `pv_ae/pv_autoencoder_dayAE.py`,# Refactor Audit: `pv_autoencoder_dayAE_v2.py` vs `pv_ae/pv_autoencoder_dayAE.py` || ## 0) 범위/전제 || ## 1) 차이 분류표 (A/B/C) || ### A. 안전한 리팩터(동작 동일 목표) || ### B. 동작 변경 가능(위험) || ### C. 누락/삭제 위험 (핵심 로직/출력),,,,0,0,0,10,0,0,0,0,10
docs/internal/refactor_commit_A1_checklist.md,.md,3563,50,45a97ce557f9,general_doc,# Commit A1 실행 체크리스트 (계획 전용),# Commit A1 실행 체크리스트 (계획 전용) || ## 1) A1 목표 (한 문장) || ## 2) 변경 파일/함수 목록 (정확 범위) || ## 3) 절대 하면 안 되는 것 (비목표) || ## 4) 성공 판정 기준(회귀 기준) 10개 || ## 5) 적용 후 실행 커맨드 (한 줄씩),,,,0,0,0,0,0,0,0,0,5
docs/reports/conalog_onepager.md,.md,2349,36,15b36fd1fb53,operator_handoff;topology_grouping,# PV Fault Early-Warning & Diagnosis — ONEPAGER (Conalog),"# PV Fault Early-Warning & Diagnosis — ONEPAGER (Conalog) || ## 한 줄 정의 || ## 결과 해석 원칙 || ## Conalog 결과 요약(현재 확보 데이터 기준) || ### 사건 정의(onset vs diagnosis) || ### 전조 리드타임(Top-K=20, onset 기준)",,,,0,0,0,0,1,0,1,0,3
docs/reports/final_validation_summary.md,.md,8071,143,423b16d272b8,performance_audit;gpvs_reference,# Final Validation Summary,# Final Validation Summary || ## 1. Conalog 내부 검증 || ### 무엇을 검증했는가 || ### 해석 원칙 || ### 현재 버전에서 확인한 점 || ## 2. TECNALIA 외부 sanity,,,,0,0,0,1,1,4,0,0,8
docs/reports/gpvs_final_summary.md,.md,2102,52,4d378de3325c,performance_audit;gpvs_reference,# GPVS Final Summary,# GPVS Final Summary || ## 1. 데이터셋 성격 || ## 2. 평가 원칙 || ## 3. 최종 채택 결과 || ### A. strict primary result || ### B. strict AP-focused supplementary result,,,,0,0,0,0,0,7,0,0,0
docs/reports/multisite_latest_summary.md,.md,3703,66,28ca6e1e0591,gpvs_reference,# Multisite Latest Summary,# Multisite Latest Summary || ## 1. 목적 || ## 2. 사이트별 rerun 요약 || ### 기간/산출 범위 || ### latest ops snapshot || ## 3. Phenotype / Dominant Family,,,,0,0,0,1,0,1,0,0,0
docs/score_definition.md,.md,6644,127,fb7cf2c76cac,general_doc,# Score Definition (SSOT),# Score Definition (SSOT) || ## 1) `risk_day` 정의 || ## 2) `cp_score` / `cp_alarm` 정의 (CUSUM) || ## 3) `transition_raw` / `transition_cp` 정의 || ## 4) `risk_ens` 정의 || ## 5) EWS / `prefault_B`와 `risk_ens` 관계,,,,0,0,0,0,0,0,0,0,1
release/conalog_full_runtime_v1/README.md,.md,19478,322,2d95383717d8,gpvs_reference;release_runtime;evidence_matrix,# conalog Full Runtime Pack V1,# conalog Full Runtime Pack V1,,,,1,6,3,23,2,0,2,0,101
release/final_delivery_v1/DELIVERY_MANIFEST.md,.md,953,21,b8e8b53ed4b8,performance_audit;gpvs_reference;operator_handoff;release_runtime;evidence_matrix,# Delivery Manifest,# Delivery Manifest || ## 먼저 볼 것 || ## 폴더별 의미 || ## 주의,,,,0,0,0,0,0,1,4,0,3
release/final_delivery_v1/KNOWN_LIMITS.md,.md,1094,14,d2260f0f4c5c,gpvs_reference;release_runtime,# Known Limits,# Known Limits,,,,0,0,0,0,0,0,0,0,3
release/final_delivery_v1/QUICKSTART.md,.md,1803,29,82e57d5c24b7,release_runtime;evidence_matrix,# Quickstart,# Quickstart || ## 문서 경계 || ## 1. demonstration || ## 2. actual input folder 실행 || ## 3. system / dashboard integration || ## 운영 원칙,,,,0,0,0,2,0,0,0,0,6
release/final_delivery_v1/README.md,.md,3044,52,ee64e66768cb,performance_audit;gpvs_reference;operator_handoff;release_runtime;evidence_matrix,# Final Delivery Pack V1,# Final Delivery Pack V1 || ## 목적 || ## 문서 경계 || ## executable pack 에 무엇이 들어 있는가 || ## 무엇이 stable 인가 || ## 무엇이 reference-only 인가,,,,0,1,0,1,0,1,3,0,6
release/final_delivery_v1/RELEASE_NOTES.md,.md,1142,24,a5eecd249e6f,performance_audit;gpvs_reference;operator_handoff;release_runtime;evidence_matrix,# Release Notes,# Release Notes || ## 현재까지 완료된 단계 || ## current main 상태 || ## 이번 release pack 이 추가하는 것 || ## 아직 production-grade 가 아닌 것,,,,0,0,0,0,0,1,2,0,1
release/final_delivery_v1/package/docs/INTEGRATED_RESULT_TABLE_POINTER.md,.md,625,12,565c94663e83,gpvs_reference;release_runtime,# Integrated Result Table Pointer,# Integrated Result Table Pointer,,,,0,0,0,0,0,0,0,0,5
release/final_delivery_v1/package/docs/MAIL_GPVS_DATA_USAGE_SUMMARY_V1.md,.md,2729,29,14c3ab4f0eb7,gpvs_reference;release_runtime,# 제목,# 제목 || # 수신 대상 가정 문구 || # 본문 || # 핵심 요약 3줄,,,,0,1,0,3,0,0,0,0,1
release/final_delivery_v1/package/docs/OPS_CONALOG_HANDOFF_PACK_V1.md,.md,2047,46,b2febfd68c9e,gpvs_reference;operator_handoff;release_runtime;evidence_matrix;topology_grouping,# OPS Conalog Handoff Pack V1,# OPS Conalog Handoff Pack V1 || ## 목적 || ## 문서 경계 || ## 실행 entrypoint || ## stable mode || ## reference mode,,,,0,0,0,1,1,0,6,0,12
release/final_delivery_v1/package/docs/OPS_CONALOG_RULEBASE_VS_HYBRID_ENGINE_V1.md,.md,7460,63,3081b532db59,decision_log;gate_contract;project_eval;performance_audit;gpvs_reference;operator_handoff;release_runtime;evidence_matrix;topology_grouping,# OPS Conalog Rulebase Vs Hybrid Engine V1,# OPS Conalog Rulebase Vs Hybrid Engine V1 || ## 1. 비교 목적 || ## 1A. 문서 경계 || ## 2. 입력 데이터 범위 차이 || ## 3. 탐지/판정 구조 차이 || ## 4. 설명 가능성 차이,,,,0,5,0,9,0,1,10,0,12
release/final_delivery_v1/package/docs/OPS_FAULT_COVERAGE_AND_MODEL_PERFORMANCE_V1.md,.md,4429,43,cfb6c7f4394d,performance_audit;gpvs_reference;release_runtime;evidence_matrix,# OPS Fault Coverage And Model Performance V1,# OPS Fault Coverage And Model Performance V1 || ## 1. 보고 목적 || ## 2. 현재 알고리즘 스택 || ## 3. 입력 데이터와 학습/참조 자산 || ## 4. fault/anomaly 커버리지 1대1 매핑 || ## 5. 레이어별 성능지표 원칙,,,,1,5,0,3,0,14,0,0,12
release/final_delivery_v1/package/docs/OPS_GPVS_EXTERNAL_DATA_INVENTORY_V1.md,.md,4491,56,dabdd948f452,project_eval;performance_audit;gpvs_reference;release_runtime;evidence_matrix,# OPS GPVS External Data Inventory V1,# OPS GPVS External Data Inventory V1 || ## 1. 문서 목적 || ## 2. 실제 사용한 GPVS 자산 || ## 3. recovered by-type artifact 현황 || ## 4. GPVS가 현재 기여하는 것 || ## 5. GPVS가 현재 하지 않는 것,,,,0,9,0,5,0,1,0,0,12
release/final_delivery_v1/package/docs/OPS_REALTIME_OPERATION_READINESS_V1.md,.md,4335,52,530f5ea28be4,project_eval;gpvs_reference;operator_handoff;release_runtime,# OPS Realtime Operation Readiness V1,# OPS Realtime Operation Readiness V1 || ## 1. 목적 || ## 2. 현재 구현 범위 || ## 3. 측정된 runtime feasibility 결과 || ## 4. 아직 측정되지 않은 것 || ## 5. 운영 가능성 판단,,,,0,0,0,0,0,0,1,0,5
release/final_delivery_v1/package/docs/panel_day_engine_fault_coverage_matrix_v1.csv,.csv,3703,12,389511b30126,release_runtime,,,11,﻿target_fault_or_anomaly_ko|detection_signal_or_pattern_ko|primary_layer_ko|supporting_layers_csv|key_features_or_patterns_ko|final_output_field_ko|coverage_level_ko|note_ko,,1,2,0,0,0,0,0,0,5
release/final_delivery_v1/package/docs/panel_day_engine_model_metrics_v1.csv,.csv,3887,16,1773835fd68a,performance_audit;release_runtime;evidence_matrix,,,15,﻿layer_ko|metric_family_ko|metric_name|metric_value|dataset_scope_ko|official_flag|note_ko,,2,4,0,1,0,17,0,0,19
release/final_delivery_v1/package/stable_handoff/ALGORITHM_SPEC.md,.md,717,18,0140c14f41ff,gpvs_reference;operator_handoff;release_runtime,# Algorithm Spec,# Algorithm Spec || ## Primary Structure || ## Non-Primary Layers || ## Delivery Principle || ## Foundation Scope,,,,0,0,0,1,0,0,2,0,2
release/final_delivery_v1/package/stable_handoff/CHANGELOG.md,.md,203,7,8e55235ee7ee,operator_handoff;release_runtime,# Changelog,# Changelog || ## v1,,,,0,0,0,0,0,0,1,0,1
release/final_delivery_v1/package/stable_handoff/INPUT_SCHEMA.md,.md,697,18,9b09b7bd54be,operator_handoff;release_runtime;topology_grouping,# Input Schema,# Input Schema || ## Expected Input Directory Layout || ## Minimal Required File Naming Assumptions || ## Required Columns || ## Notes,,,,0,0,0,2,0,0,3,0,5
release/final_delivery_v1/package/stable_handoff/KNOWN_LIMITS.md,.md,377,7,c4ca1651fccb,gpvs_reference;operator_handoff;release_runtime,# Known Limits,# Known Limits,,,,0,0,0,0,0,0,0,0,1
release/final_delivery_v1/package/stable_handoff/OUTPUT_SCHEMA.md,.md,1006,43,d3329263f2e3,gpvs_reference;operator_handoff;release_runtime;topology_grouping,# Output Schema,# Output Schema || ## Stable Default Outputs || ## Stable `panel_result_v1.csv` Columns || ## Stable `site_summary_v1.csv` Columns || ## Metadata Contract || ## Optional Experimental Sidecar,,,,0,0,0,2,0,0,0,0,18
release/final_delivery_v1/package/stable_handoff/README.md,.md,1160,28,8f735d10e16a,gpvs_reference;operator_handoff;release_runtime,# Conalog Handoff Pack V1,# Conalog Handoff Pack V1 || ## What This Pack Is || ## Stable vs Experimental || ## Quick Start || ## Smoke Test,,,,0,0,0,3,0,0,7,0,16
release/final_delivery_v1/package/stable_handoff/RUNBOOK.md,.md,950,33,596b35f0d526,gpvs_reference;operator_handoff;release_runtime,# Runbook,# Runbook || ## 1. Dry-Run First || ## 2. Stable Run || ## 3. Experimental Sidecar Run || ## 4. Reading Outputs,,,,0,0,0,6,0,0,9,0,5
research/prognostics/README.md,.md,915,31,8c64d483b9c9,general_doc,# Prognostics Execution,# Prognostics Execution || ## 실행 순서 || ## 공식 출력 파일 || ## 출력 생성 순서,,,,0,0,0,0,2,0,0,0,10
